name,email,phone,state,country,zipcode,jobTitle,company
Torr Burchell,tburchell0@archive.org,260-634-0137,IN,United States,46862,Payment Adjustment Coordinator,Eire
Aubry Deegan,adeegan1@kickstarter.com,248-856-4186,MI,United States,48335,Staff Accountant IV,Voonder
Levon Gathercoal,lgathercoal2@ucoz.com,106-269-2788,A3,France,18934 CEDEX 9,Accounting Assistant II,Skyble
Rowan Mellmer,rmellmer3@hc360.com,506-477-7458,,Japan,286-0002,Community Outreach Specialist,Layo
Nanete Worrill,nworrill4@stanford.edu,533-208-5004,B5,France,49309 CEDEX,Community Outreach Specialist,Edgeblab
Mercie Feetham,mfeetham5@csmonitor.com,931-252-7377,SK,Canada,L7E,Technical Writer,Riffpedia
Debee Worssam,dworssam6@wunderground.com,646-330-6197,NY,United States,10039,Marketing Manager,Janyx
Rory Uren,ruren7@irs.gov,936-867-5625,TX,United States,77305,Senior Sales Associate,Aimbu
Hyacintha Schlagman,hschlagman8@bloglines.com,285-936-2800,AB,Canada,T1P,Marketing Manager,Eadel
Doe Bursnoll,dbursnoll9@amazon.co.jp,626-541-7772,A6,France,25057 CEDEX,Marketing Assistant,LiveZ
Belva Bolzmann,bbolzmanna@4shared.com,753-259-1059,A2,France,29399 CEDEX,Internal Auditor,Shuffledrive
Lukas Packer,lpackerb@vinaora.com,281-746-8636,TX,United States,77045,Administrative Officer,Photobug
Bank Forcer,bforcerc@ucla.edu,383-683-6465,NAY,Mexico,63174,Account Coordinator,Linktype
Aaren Veel,aveeld@spiegel.de,770-590-1386,GA,United States,30351,Developer II,Kazu
Charleen Nairns,cnairnse@aol.com,405-747-0867,OK,United States,73129,Research Nurse,Browsedrive
Halley Hirsch,hhirschf@odnoklassniki.ru,947-697-7836,SCT,United Kingdom,G4,Occupational Therapist,Quimm
Arel Lamanby,alamanbyg@dedecms.com,485-576-2983,AB,Canada,S0G,Operator,Rhybox
Ali Ragat,aragath@oaic.gov.au,676-162-2548,SK,Canada,S9V,Research Associate,Wordware
Anestassia Szwarc,aszwarci@tripadvisor.com,503-922-0046,ON,Canada,K9H,Senior Financial Analyst,Omba
Bernetta Langstone,blangstonej@prweb.com,963-686-9106,,Japan,601-1386,Associate Professor,Voonder
Orville Loughhead,oloughheadk@youku.com,313-535-5711,,Japan,969-1783,Project Manager,Gigashots
Germana D'Andrea,gdandreal@etsy.com,303-975-7012,CO,United States,80305,Desktop Support Technician,Edgewire
Ingram Mancktelow,imancktelowm@desdev.cn,206-256-6903,,Japan,795-0089,Editor,Voolith
Ulrike Daunter,udauntern@hatena.ne.jp,937-293-4409,A8,France,75464 CEDEX 10,Software Engineer III,Skiba
Asia Cuncarr,acuncarro@spiegel.de,622-522-3016,VER,Mexico,92733,Food Chemist,Shuffledrive
Ebonee Glasby,eglasbyp@mysql.com,941-148-9530,B8,France,83087 CEDEX 9,Tax Accountant,Dynazzy
Arch Springtorpe,aspringtorpeq@google.co.uk,597-322-8735,NU,Canada,K6K,Systems Administrator I,Photojam
Malanie Lefort,mlefortr@zimbio.com,606-137-2456,NL,Canada,E8K,VP Marketing,Nlounge
Jaquenetta Feveryear,jfeveryears@hao123.com,384-140-2263,A8,France,95445 CEDEX,Paralegal,Blogspan
Kaylil Kubes,kkubest@bloglines.com,919-759-2995,NC,United States,27717,Civil Engineer,Agimba
Quinton McGiveen,qmcgiveenu@parallels.com,316-335-8025,A3,France,37205 CEDEX 3,Software Engineer III,Camido
Darill Lehrer,dlehrerv@geocities.jp,566-548-8762,BY,Germany,80686,GIS Technical Architect,Yacero
Velma Osmint,vosmintw@archive.org,355-871-1528,A2,France,35914 CEDEX 9,Business Systems Development Analyst,Dabjam
Issy Lope,ilopex@jimdo.com,436-790-3968,B9,France,74004 CEDEX,Executive Secretary,Kazu
Jack Jenicek,jjeniceky@goodreads.com,862-652-1430,HB,Germany,28355,Junior Executive,Eadel
Danny Ingilson,dingilsonz@apple.com,814-189-9891,,Japan,901-0241,Human Resources Assistant III,Vipe
Sharyl Top,stop10@jigsy.com,830-584-1741,A8,France,78604 CEDEX,Marketing Assistant,Yombu
Nadean Sine,nsine11@amazon.co.jp,244-614-4945,NI,Germany,30629,Office Assistant II,Jaloo
Nelli Sprasen,nsprasen12@1688.com,857-225-9494,,Japan,949-1616,Operator,Quimba
Ricoriki Bettam,rbettam13@census.gov,830-566-3723,97,France,33324 CEDEX,Programmer Analyst I,Dynabox
Jobi Boddam,jboddam14@ucla.edu,702-582-1783,NV,United States,89105,General Manager,Muxo
Wallis Mongin,wmongin15@icq.com,582-263-2153,B9,France,42809 CEDEX,Data Coordiator,Divanoodle
Shelden McKilroe,smckilroe16@bloomberg.com,334-655-9196,,Japan,399-8205,Software Test Engineer I,Aivee
Annnora Cheson,acheson17@photobucket.com,915-847-5756,TX,United States,88519,VP Quality Control,Wordpedia
Brinn Abrahams,babrahams18@statcounter.com,166-366-8247,B8,France,84274 CEDEX,Marketing Manager,Skimia
Udell Rodear,urodear19@ezinearticles.com,215-779-7277,99,France,14109 CEDEX,Human Resources Manager,Voomm
Martita Peaker,mpeaker1a@artisteer.com,395-227-8458,A2,France,29609 CEDEX 2,Sales Associate,Digitube
Nannie Moen,nmoen1b@xrea.com,805-693-8112,CA,United States,93106,Civil Engineer,Babbleopia
Tremayne de Banke,tde1c@mtv.com,910-518-8605,NW,Germany,51149,Automation Specialist II,Eazzy
Heinrik Lys,hlys1d@hostgator.com,352-328-3351,FL,United States,32627,Design Engineer,Yozio
Fawne Gillingham,fgillingham1e@google.com.au,754-169-6165,FL,United States,33355,Sales Associate,Jayo
Valentin Denkel,vdenkel1f@pagesperso-orange.fr,971-402-0816,,Japan,270-0164,Senior Quality Engineer,Lazzy
Geoff Sinclair,gsinclair1g@edublogs.org,913-482-5041,KS,United States,66225,Financial Advisor,Avamba
Eden McIlveen,emcilveen1h@shinystat.com,556-227-1392,A5,France,20195 CEDEX 1,Social Worker,Plambee
Marlyn Grute,mgrute1i@npr.org,813-749-1127,VER,Mexico,93856,Occupational Therapist,Mynte
Cyndia Claige,cclaige1j@odnoklassniki.ru,295-403-5949,A8,France,93487 CEDEX,Financial Advisor,Oyoyo
Edmund Kik,ekik1k@upenn.edu,567-613-6936,BE,Germany,12045,Geologist III,Mydo
Flory Keveren,fkeveren1l@comcast.net,312-428-9795,IL,United States,60193,Systems Administrator III,Wikizz
Thibaut Krahl,tkrahl1m@buzzfeed.com,732-969-3039,A8,France,78020 CEDEX,Engineer III,Gigazoom
Silas Braybrookes,sbraybrookes1n@dailymail.co.uk,762-159-9663,,Japan,794-2550,Senior Sales Associate,Skilith
Eulalie Dailey,edailey1o@furl.net,806-827-4323,TX,United States,79105,Geological Engineer,Aimbo
Alasdair D'Alesco,adalesco1p@dell.com,604-930-0283,B7,France,86093 CEDEX 9,Internal Auditor,Realbuzz
Birgitta Korneichuk,bkorneichuk1q@vk.com,417-781-3785,,Japan,976-0022,Tax Accountant,Quimba
Mellie Rasell,mrasell1r@google.it,930-932-9880,A9,France,34404 CEDEX,Accountant IV,Feednation
Olia Emmerson,oemmerson1s@cdc.gov,904-694-3577,FL,United States,32255,Account Coordinator,Brightbean
Egor Peirazzi,epeirazzi1t@imageshack.us,343-964-5198,B6,France,60006 CEDEX,Payment Adjustment Coordinator,Yata
Hersh Cotterill,hcotterill1u@gnu.org,612-872-5917,B7,France,16919 CEDEX 9,Staff Accountant I,Edgeblab
Erl Itzkin,eitzkin1v@gizmodo.com,440-169-6793,A8,France,75240 CEDEX 05,Structural Engineer,InnoZ
Brannon Brien,bbrien1w@parallels.com,414-337-5077,WI,United States,53234,Senior Cost Accountant,Oyondu
Urson Camoletto,ucamoletto1x@typepad.com,916-293-0743,CA,United States,94237,Help Desk Technician,DabZ
Benedetta Zannetti,bzannetti1y@icq.com,769-608-4839,SON,Mexico,83344,Business Systems Development Analyst,Yabox
Kliment St. Quintin,kst1z@clickbank.net,625-639-2668,A7,France,76304 CEDEX,Marketing Assistant,Quimm
Mireielle Novotna,mnovotna20@pagesperso-orange.fr,196-902-6627,A8,France,94685 CEDEX,Social Worker,Devpulse
Joelie Stanex,jstanex21@purevolume.com,824-193-7392,,Japan,369-0137,Health Coach II,Browsetype
Hogan Kerbler,hkerbler22@freewebs.com,513-107-9198,OH,United States,45249,Professor,Jaxbean
Sibella McAllen,smcallen23@google.fr,843-422-7691,,Japan,769-0105,Accounting Assistant IV,Eabox
Meridel Landy,mlandy24@tiny.cc,383-802-0672,,Japan,859-0413,Senior Developer,Rhyloo
Dorris MacClenan,dmacclenan25@diigo.com,386-728-7508,FL,United States,32123,Quality Engineer,Tazzy
Barrie Meadus,bmeadus26@desdev.cn,421-589-9207,B9,France,74311 CEDEX,Software Engineer II,Yoveo
Cherianne Schohier,cschohier27@gov.uk,588-960-0331,A8,France,75100 CEDEX 01,Sales Associate,Mycat
Cindelyn Huggard,chuggard28@vkontakte.ru,281-878-0678,,Japan,899-3221,Sales Representative,Flashspan
Abey Ortet,aortet29@uol.com.br,431-937-9711,,Japan,901-0241,Dental Hygienist,Kwimbee
Brandice Zelner,bzelner2a@disqus.com,269-110-3341,ON,Canada,G5Z,Budget/Accounting Analyst III,Dynabox
Elena Primo,eprimo2b@state.gov,304-716-0083,WV,United States,25389,Assistant Professor,Fivechat
Arny Le Barr,ale2c@jigsy.com,230-754-2554,B5,France,72035 CEDEX 1,VP Accounting,Twinder
Rivi Males,rmales2d@printfriendly.com,193-424-1295,ENG,United Kingdom,SG4,Electrical Engineer,Kare
Siegfried Buist,sbuist2e@answers.com,605-921-7002,GUA,Mexico,36450,Senior Quality Engineer,Topicware
Ranee Willshaw,rwillshaw2f@hud.gov,630-784-6708,BY,Germany,90480,Marketing Manager,Katz
Letitia Paulich,lpaulich2g@blog.com,819-400-0687,B3,France,82070 CEDEX,Community Outreach Specialist,Gabtune
Sidoney Splevings,ssplevings2h@canalblog.com,130-819-4002,C1,France,67404 CEDEX,Quality Control Specialist,Eazzy
Beverlie Matley,bmatley2i@cnet.com,215-376-0550,PA,United States,19172,VP Product Management,Nlounge
Vittorio Thorne,vthorne2j@sphinn.com,650-409-4267,BC,Canada,K4K,Geological Engineer,Topiclounge
Michele Sparling,msparling2k@squidoo.com,540-279-2708,VA,United States,24048,Nurse Practicioner,Camimbo
Geoffry Phoenix,gphoenix2l@jugem.jp,407-976-7234,FL,United States,32830,Office Assistant I,Minyx
Colet Camell,ccamell2m@squarespace.com,276-590-3402,B4,France,59859 CEDEX,Health Coach IV,Avavee
Tillie Duffie,tduffie2n@oracle.com,188-201-4723,,Japan,869-1237,Cost Accountant,Twiyo
Ralf Inkpin,rinkpin2o@boston.com,940-547-2375,B5,France,44194 CEDEX,Information Systems Manager,Quinu
Berti Witz,bwitz2p@statcounter.com,241-355-0361,,Japan,993-0073,Nurse Practicioner,Pixonyx
Golda Pettecrew,gpettecrew2q@liveinternet.ru,561-777-3659,FL,United States,33436,Account Coordinator,Pixope
Madelin Danaher,mdanaher2r@biblegateway.com,144-841-0614,QC,Canada,H9W,Product Engineer,Jetwire
Zeke Robshaw,zrobshaw2s@bloomberg.com,142-835-3417,VER,Mexico,91560,Dental Hygienist,Twimm
Anni MacFadzean,amacfadzean2t@blogspot.com,609-233-5661,B7,France,17044 CEDEX 1,Biostatistician III,Kanoodle
Suzann Lean,slean2u@photobucket.com,623-963-9845,,Japan,952-1505,VP Product Management,Skivee
Davin Lezemere,dlezemere2v@hp.com,287-339-7674,A1,France,71404 CEDEX,Account Coordinator,Cogidoo
Verena Allery,vallery2w@163.com,966-283-4926,,Japan,365-0023,Accountant I,Katz
Jayme Capstack,jcapstack2x@samsung.com,674-978-4104,,Japan,325-0017,Research Associate,Dabtype
Darcee Bahlmann,dbahlmann2y@bizjournals.com,644-772-9953,,Japan,849-5263,Chemical Engineer,Mybuzz
Vic Tippler,vtippler2z@digg.com,646-123-9428,NY,United States,10060,Business Systems Development Analyst,Shufflebeat
Huntington Cockitt,hcockitt30@barnesandnoble.com,242-269-8268,,Japan,701-0301,Chemical Engineer,Skyndu
Mia Goldie,mgoldie31@si.edu,215-238-8846,PA,United States,19191,Analyst Programmer,Twinder
Blakeley Bartali,bbartali32@51.la,820-120-3266,MEX,Mexico,50090,Help Desk Operator,Photobean
Gunner Antoszczyk,gantoszczyk33@adobe.com,913-473-0871,KS,United States,66205,Design Engineer,Edgetag
Cristy Alfonzo,calfonzo34@earthlink.net,973-156-0890,,Japan,729-3222,Staff Scientist,Shufflester
Boyd Ganter,bganter35@4shared.com,906-996-5100,B8,France,13503 CEDEX,Human Resources Assistant II,Twitternation
Teodoro Sutherland,tsutherland36@rambler.ru,908-880-1285,NT,Canada,E8L,Financial Advisor,Tagcat
Dieter Eddowis,deddowis37@vimeo.com,933-172-4816,HID,Mexico,43645,Desktop Support Technician,Topicshots
Nelle Scopham,nscopham38@cnn.com,260-762-0733,IN,United States,46857,Payment Adjustment Coordinator,Twitterbeat
Rafaela Short,rshort39@hhs.gov,219-407-2774,B2,France,88020 CEDEX,VP Sales,Twitterbridge
Silvio Tran,stran3a@google.ca,702-911-7314,NV,United States,89166,Structural Engineer,Browseblab
Darci Pedlingham,dpedlingham3b@marriott.com,619-210-2777,CA,United States,92127,Geologist I,Twimm
Kristin Cumberledge,kcumberledge3c@phoca.cz,314-371-0122,KY,United States,41905,Web Developer IV,Voomm
Brittne Cabble,bcabble3d@nature.com,407-633-4282,,Japan,859-6411,Data Coordiator,Edgepulse
Torie Lope,tlope3e@woothemes.com,965-186-0881,A8,France,91965 CEDEX,Accountant I,Fivebridge
Sher Flaws,sflaws3f@reuters.com,936-840-0522,BC,Canada,V7Y,Developer III,Browsetype
Demott Jermyn,djermyn3g@gov.uk,485-447-0998,,Japan,929-0417,Junior Executive,Ozu
Nevil Whitmore,nwhitmore3h@homestead.com,668-103-5254,,Japan,957-0355,Computer Systems Analyst IV,Pixope
Alexei Joselin,ajoselin3i@pinterest.com,727-679-4447,ENG,United Kingdom,EC3M,Help Desk Technician,Devify
Jess Seaking,jseaking3j@ucsd.edu,336-565-0033,NC,United States,27409,Physical Therapy Assistant,Roombo
Dacia Arnaudin,darnaudin3k@wordpress.org,753-541-7738,B1,France,87046 CEDEX 1,Research Nurse,Skajo
Lief Caltera,lcaltera3l@yellowbook.com,546-460-6313,HH,Germany,21037,Senior Sales Associate,Oyonder
Zebulon Donner,zdonner3m@theguardian.com,885-226-0324,GRO,Mexico,40053,Help Desk Operator,Zoomcast
Reeta Jerzyk,rjerzyk3n@desdev.cn,328-351-8131,B8,France,04104 CEDEX,Programmer IV,Photobug
Penrod Dehn,pdehn3o@cnn.com,157-828-5491,ON,Canada,K7C,Sales Representative,DabZ
Pace Readshall,preadshall3p@timesonline.co.uk,813-520-7848,FL,United States,33673,Registered Nurse,Centizu
Stuart Vorley,svorley3q@unicef.org,485-990-8156,A6,France,25024 CEDEX,Civil Engineer,Roodel
Yurik Sawney,ysawney3r@behance.net,490-543-6965,QC,Canada,J6S,Librarian,Shufflester
Heriberto De Hoogh,hde3s@g.co,202-135-0619,DC,United States,20470,VP Quality Control,Cogidoo
Lora Dreger,ldreger3t@blogtalkradio.com,209-487-2801,CA,United States,95210,Budget/Accounting Analyst IV,Shufflester
Gabe Eaton,geaton3u@gmpg.org,754-330-7860,COA,Mexico,29950,Staff Accountant III,Mudo
Sapphire Goldberg,sgoldberg3v@ca.gov,747-295-6586,B9,France,69814 CEDEX,Business Systems Development Analyst,Wordware
Coleen Bricham,cbricham3w@fda.gov,776-854-9884,A8,France,93591 CEDEX,Teacher,Skidoo
Danit Orhrt,dorhrt3x@usda.gov,662-940-5858,,Japan,811-2405,Director of Sales,Ainyx
Boyd Casillas,bcasillas3y@fda.gov,336-414-8546,NC,United States,27415,Senior Developer,Pixope
Philippine Rysdale,prysdale3z@prnewswire.com,161-942-1261,CAM,Mexico,24400,Programmer IV,Eidel
Lorine Sauven,lsauven40@yellowpages.com,785-299-3238,MEX,Mexico,51247,Business Systems Development Analyst,Vitz
Cicely Solland,csolland41@unc.edu,627-682-5276,B9,France,38319 CEDEX,Speech Pathologist,Tagtune
Emerson Trill,etrill42@amazon.co.jp,806-959-6644,COA,Mexico,29952,Biostatistician II,Leexo
Quillan Spikings,qspikings43@admin.ch,202-504-9925,DC,United States,20436,Office Assistant I,Abatz
Farand Baskeyfied,fbaskeyfied44@symantec.com,707-495-7568,,Japan,345-0036,Pharmacist,Flashspan
Bambi Quillinane,bquillinane45@hud.gov,714-844-8512,CA,United States,90040,Senior Cost Accountant,Blogtags
Fenelia Holborn,fholborn46@youtu.be,265-175-4746,GUA,Mexico,38542,Research Associate,Linklinks
Felix Picott,fpicott47@globo.com,296-769-0731,,Japan,354-0046,Geologist II,Latz
Nonie Lidgard,nlidgard48@chron.com,912-906-6890,TAM,Mexico,87425,Information Systems Manager,Innotype
Guss Heath,gheath49@livejournal.com,303-580-8123,CO,United States,80126,GIS Technical Architect,Devcast
Eamon Lode,elode4a@ft.com,314-502-2927,QC,Canada,J3V,Physical Therapy Assistant,Tavu
Roseann Spracklin,rspracklin4b@quantcast.com,825-923-8185,A8,France,75509 CEDEX 15,Automation Specialist I,Kwinu
Shara Doidge,sdoidge4c@spiegel.de,513-432-5796,OH,United States,43215,Payment Adjustment Coordinator,Skimia
Mady Drewry,mdrewry4d@tmall.com,619-945-9548,A8,France,92179 CEDEX,Geologist IV,Innotype
Laetitia Kleynen,lkleynen4e@newsvine.com,571-735-8489,VA,United States,20167,Clinical Specialist,Roomm
Ingemar Piggot,ipiggot4f@so-net.ne.jp,788-534-6213,,Japan,503-2429,Mechanical Systems Engineer,Chatterpoint
Marchall Chessor,mchessor4g@paginegialle.it,337-565-2011,LA,United States,70593,Food Chemist,Talane
Rana Servant,rservant4h@usgs.gov,189-398-5104,PUE,Mexico,75200,Software Engineer III,Flashset
Shurlocke Denzey,sdenzey4i@cnn.com,123-450-4306,A5,France,20195 CEDEX 1,VP Marketing,Riffpedia
Care Robjohns,crobjohns4j@yahoo.com,614-337-3813,OH,United States,43240,Human Resources Assistant III,Aibox
Ruperta Ham,rham4k@noaa.gov,236-707-1805,BY,Germany,80995,Operator,Avamba
Annie Kiddell,akiddell4l@google.com.br,904-480-5736,,Japan,986-0704,Assistant Manager,Twitterbridge
Maryjane Emloch,memloch4m@google.it,248-618-7147,MI,United States,48335,Recruiting Manager,Yodo
Kelsy Graber,kgraber4n@wunderground.com,231-558-5634,VER,Mexico,93439,Help Desk Technician,Topicblab
Lacie Padfield,lpadfield4o@vimeo.com,309-969-0696,VER,Mexico,94242,Data Coordiator,Zoozzy
Bartholomew Leffek,bleffek4p@weebly.com,813-903-8085,FL,United States,33673,Nurse,Miboo
Chester Guerrin,cguerrin4q@biglobe.ne.jp,599-120-5150,B4,France,59652 CEDEX,Financial Advisor,Jatri
Ulric Beamiss,ubeamiss4r@twitter.com,330-307-4271,OH,United States,44315,VP Product Management,Riffwire
Clemens Woolbrook,cwoolbrook4s@dion.ne.jp,405-823-8695,A8,France,91982 CEDEX 9,Research Nurse,Oyonder
Moselle Kerbey,mkerbey4t@omniture.com,893-293-2677,AB,Canada,T1M,Project Manager,Cogidoo
Jennie Clamp,jclamp4u@webmd.com,420-233-1718,97,France,33394 CEDEX,Operator,Chatterpoint
Nico Clitheroe,nclitheroe4v@alibaba.com,833-413-8970,A8,France,95319 CEDEX,Administrative Officer,Meejo
Vina Shorrock,vshorrock4w@parallels.com,312-900-3585,IL,United States,60663,Help Desk Operator,Teklist
Lynsey Wildbore,lwildbore4x@hud.gov,305-387-0474,FL,United States,33487,Professor,Agimba
Jade Paine,jpaine4y@fotki.com,511-256-6492,QC,Canada,G6W,Project Manager,Tagfeed
Gwendolin Poyntz,gpoyntz4z@printfriendly.com,625-171-0724,ENG,United Kingdom,BS14,Administrative Assistant I,Eayo
Melosa Ballentime,mballentime50@squarespace.com,664-123-5233,,Japan,839-1404,Executive Secretary,Bluejam
Allix Beteriss,abeteriss51@go.com,898-315-3630,,Japan,325-0017,Occupational Therapist,Yabox
Luciano Iddins,liddins52@tmall.com,507-780-6939,MN,United States,55905,Software Engineer II,Gevee
Juliette Menhenitt,jmenhenitt53@gmpg.org,207-899-6749,ENG,United Kingdom,B12,Teacher,Kwinu
Rois Twinborough,rtwinborough54@goo.ne.jp,695-394-5118,BC,Canada,V4W,Accounting Assistant III,Flipbug
Clareta Arnoldi,carnoldi55@disqus.com,812-380-5282,IN,United States,47747,Payment Adjustment Coordinator,Rhynyx
Corliss Growden,cgrowden56@ow.ly,259-481-0196,ENG,United Kingdom,NE46,Clinical Specialist,Rhyloo
Titos Reboul,treboul57@opera.com,827-926-7978,A8,France,75485 CEDEX 10,Sales Representative,Thoughtbeat
Babb Neesham,bneesham58@51.la,823-438-4650,BC,Canada,G9A,Marketing Manager,Leexo
Artus Bonifacio,abonifacio59@delicious.com,466-707-8666,A2,France,29563 CEDEX 9,Help Desk Operator,Blognation
Marietta Barbary,mbarbary5a@youtube.com,210-272-8740,SON,Mexico,83448,Recruiter,Bubblebox
Carver Mucillo,cmucillo5b@nba.com,153-689-3609,B6,France,80004 CEDEX 1,Accountant II,Yotz
Ferris Buchan,fbuchan5c@guardian.co.uk,653-907-8784,A6,France,39004 CEDEX,Editor,Kwimbee
Ekaterina Tomaszczyk,etomaszczyk5d@weebly.com,642-203-1514,,Japan,955-0156,Design Engineer,Rhyloo
Kata Amey,kamey5e@51.la,260-614-2853,IN,United States,46896,GIS Technical Architect,Centimia
Agosto Gye,agye5f@indiegogo.com,573-652-7662,A8,France,75623 CEDEX 13,Office Assistant II,Topicstorm
Salmon Kalisz,skalisz5g@webmd.com,898-279-1083,BC,Canada,H9A,Senior Sales Associate,Vitz
Nehemiah Flade,nflade5h@google.ru,431-989-1836,B9,France,69939 CEDEX 20,Financial Advisor,Zoovu
Fair Caven,fcaven5i@bloglovin.com,314-489-3716,MO,United States,63180,Software Engineer I,Edgeblab
Kaspar Crehan,kcrehan5j@bluehost.com,868-608-3031,,Japan,950-1262,Research Nurse,Twitterlist
Curcio Gwilliams,cgwilliams5k@kickstarter.com,220-849-0051,,Japan,988-0505,Automation Specialist I,Plambee
Nora Ethelston,nethelston5l@hud.gov,432-652-7456,TX,United States,79705,Junior Executive,Youtags
Andrea Swafford,aswafford5m@t.co,310-896-1214,CA,United States,92844,Director of Sales,Janyx
Kameko De Benedetti,kde5n@bizjournals.com,360-328-8515,WA,United States,98158,Civil Engineer,Mita
Inna Darrigrand,idarrigrand5o@columbia.edu,770-943-6287,,Japan,871-0921,Staff Accountant III,Brainbox
Abrahan Yakutin,ayakutin5p@w3.org,611-813-7799,B9,France,42355 CEDEX,Physical Therapy Assistant,Oyoyo
Hynda Garrett,hgarrett5q@go.com,249-940-2733,AB,Canada,M1E,Senior Developer,Pixonyx
Brody Woolfall,bwoolfall5r@weather.com,555-562-7231,MEX,Mexico,56190,Biostatistician II,Centizu
Jamie Wolfenden,jwolfenden5s@economist.com,539-899-7655,A8,France,92864 CEDEX 9,Administrative Officer,Kimia
Emelen Paulo,epaulo5t@mozilla.com,267-852-2881,,Japan,571-0002,Senior Editor,Meezzy
Gelya Westraw,gwestraw5u@naver.com,766-827-1422,A7,France,76418 CEDEX 9,Environmental Specialist,Fivechat
Wilden Abba,wabba5v@meetup.com,781-303-1934,,Japan,991-0041,Community Outreach Specialist,Skalith
Fanechka Froom,ffroom5w@reverbnation.com,530-505-6954,CA,United States,95818,Account Representative I,Minyx
Mack Cluitt,mcluitt5x@ucsd.edu,814-197-4802,PA,United States,16505,Executive Secretary,Skyble
Archy Rodd,arodd5y@deliciousdays.com,730-955-5696,QC,Canada,G0H,Mechanical Systems Engineer,Wikibox
Orbadiah Nuzzti,onuzzti5z@shareasale.com,632-101-9559,A8,France,92393 CEDEX,Marketing Manager,Fanoodle
Patrick Pigney,ppigney60@accuweather.com,368-376-2218,,Japan,779-1631,Legal Assistant,Layo
Rubi Glenwright,rglenwright61@time.com,339-498-7161,MA,United States,01114,Editor,Jaxnation
Marley Hartridge,mhartridge62@kickstarter.com,131-937-9379,A8,France,78718 CEDEX,Safety Technician IV,Avamba
Oby Goodfellow,ogoodfellow63@home.pl,941-561-4144,A8,France,91324 CEDEX,Office Assistant III,Divavu
Kara-lynn Starmont,kstarmont64@samsung.com,642-708-7780,B8,France,13155 CEDEX,Social Worker,Myworks
Anissa Lillo,alillo65@sun.com,658-607-2510,SN,Germany,01462,Statistician IV,JumpXS
Elspeth Ginie,eginie66@uol.com.br,400-703-2895,A7,France,76804 CEDEX,Senior Sales Associate,Skalith
Addia Hitter,ahitter67@ted.com,210-516-4982,TX,United States,78215,Accounting Assistant II,Quatz
Joya Haselhurst,jhaselhurst68@un.org,741-539-8312,,Japan,925-0215,Account Representative I,Devcast
Merridie Whiteley,mwhiteley69@sciencedaily.com,702-285-5904,NV,United States,89135,Social Worker,Kwinu
Andie McCathay,amccathay6a@privacy.gov.au,181-424-9755,ENG,United Kingdom,NN4,Research Assistant II,Roodel
Garald McNally,gmcnally6b@freewebs.com,763-217-7002,MN,United States,55448,Environmental Specialist,Bluezoom
Cindy Labet,clabet6c@istockphoto.com,943-806-4806,B8,France,83300,Nurse Practicioner,Ntags
Tally Chaplyn,tchaplyn6d@naver.com,239-116-4927,A2,France,29688 CEDEX,Chief Design Engineer,Eare
Mar Schwandermann,mschwandermann6e@e-recht24.de,883-269-6952,ENG,United Kingdom,SN13,Food Chemist,Skyndu
Hattie Clerke,hclerke6f@stanford.edu,299-560-3732,,Japan,409-3841,Paralegal,Wikivu
Dimitri Suttaby,dsuttaby6g@bizjournals.com,124-376-9666,NW,Germany,40215,Office Assistant IV,Blogtag
Nona Fierman,nfierman6h@businessinsider.com,828-770-9375,NC,United States,28805,Editor,Avavee
Floris Roadknight,froadknight6i@ucsd.edu,713-297-4684,TX,United States,77260,Director of Sales,Jatri
Olly Petrou,opetrou6j@wufoo.com,611-274-7140,,Japan,620-1445,Analyst Programmer,Babblestorm
Linette Kenforth,lkenforth6k@dot.gov,364-842-4381,A8,France,75054 CEDEX 01,Product Engineer,Linklinks
Shaylah Abbatt,sabbatt6l@devhub.com,195-268-4768,,Japan,859-0416,Design Engineer,Dabvine
Neron Wudeland,nwudeland6m@about.com,862-717-6926,B8,France,84504 CEDEX,Engineer III,Oloo
Vern Palfree,vpalfree6n@webnode.com,267-694-3272,QC,Canada,J7B,Health Coach IV,Skyvu
King Cayzer,kcayzer6o@answers.com,405-820-8561,AB,Canada,N8V,Registered Nurse,Yodo
Jeff Emmot,jemmot6p@dailymail.co.uk,736-336-2772,ENG,United Kingdom,GL54,Quality Engineer,Blogtag
Yul Skeleton,yskeleton6q@technorati.com,478-543-6429,B9,France,69212 CEDEX 03,Research Associate,Jatri
Yehudit Ollerhead,yollerhead6r@liveinternet.ru,844-874-3338,B9,France,74982 CEDEX 9,Cost Accountant,Yodoo
Brooke Hardie,bhardie6s@theatlantic.com,614-395-8239,BE,Germany,10587,General Manager,Mybuzz
Pansy Wilbraham,pwilbraham6t@mlb.com,217-304-7671,IL,United States,62705,Sales Associate,Plambee
Evered Stratten,estratten6u@msn.com,516-950-7264,ENG,United Kingdom,CB4,Software Test Engineer III,Realbuzz
Kipp Dommersen,kdommersen6v@dot.gov,502-333-7292,,Japan,648-0002,Product Engineer,Trupe
Sandye Itzchaky,sitzchaky6w@sourceforge.net,661-227-0176,CA,United States,93591,Actuary,Edgewire
Dedra Castagneri,dcastagneri6x@statcounter.com,718-977-7782,NY,United States,10459,Information Systems Manager,Topicblab
Onfroi Burcher,oburcher6y@si.edu,544-684-9670,B9,France,26009 CEDEX,Product Engineer,Topiclounge
Thia Pierton,tpierton6z@cargocollective.com,787-498-0263,,Japan,319-1417,Design Engineer,Zooxo
Michel O'Dooghaine,modooghaine70@arizona.edu,722-652-9192,GRO,Mexico,39965,Web Designer II,Brainsphere
Romona Pride,rpride71@netvibes.com,479-137-4573,BE,Germany,10715,Research Associate,Voomm
Cookie Heaselgrave,cheaselgrave72@bluehost.com,330-630-7683,OH,United States,44505,Dental Hygienist,Trilith
Lita Linkleter,llinkleter73@cpanel.net,207-702-4238,BC,Canada,B3S,VP Accounting,Mydeo
Harriott Ferryman,hferryman74@goodreads.com,865-521-6216,B9,France,07309 CEDEX,Environmental Specialist,Mynte
Beau Gaskamp,bgaskamp75@taobao.com,414-428-6826,WI,United States,53225,Recruiter,Avaveo
Marney Aimer,maimer76@google.nl,230-654-2422,SK,Canada,S4A,Dental Hygienist,Kaymbo
Marshall Jeanin,mjeanin77@squidoo.com,457-853-7394,A8,France,75976 CEDEX 20,Help Desk Technician,Kare
Kaile Kirkbride,kkirkbride78@yelp.com,358-411-8740,,Japan,981-4305,Engineer II,Oloo
Sharleen McMackin,smcmackin79@about.me,965-294-7496,A9,France,30935 CEDEX 9,Systems Administrator III,Fliptune
Edithe O' Mullane,eo7a@about.com,835-336-5254,,Japan,822-0034,Accounting Assistant II,Oodoo
Sofie Raynes,sraynes7b@chron.com,815-791-6242,IL,United States,60435,Geological Engineer,Ainyx
Rafaela Greer,rgreer7c@unesco.org,366-676-0967,B5,France,49411 CEDEX,Engineer II,Linkbuzz
Scott Silverlock,ssilverlock7d@mayoclinic.com,239-577-4137,FL,United States,34108,Chief Design Engineer,Youspan
Cordell Akester,cakester7e@pagesperso-orange.fr,885-573-1111,B3,France,31931 CEDEX 9,VP Quality Control,Innojam
Fanya Janks,fjanks7f@rediff.com,484-826-3187,GUA,Mexico,38703,Chemical Engineer,Geba
Jacquelynn Bushel,jbushel7g@umich.edu,974-183-0293,SCT,United Kingdom,EH52,Graphic Designer,Zoomcast
Pearle MacClancey,pmacclancey7h@freewebs.com,814-969-3915,PA,United States,16505,Business Systems Development Analyst,Yodoo
Renard Orrill,rorrill7i@wired.com,752-523-4896,,Japan,999-2171,Developer IV,Oyoyo
Barny Brasener,bbrasener7j@1und1.de,540-881-4021,VA,United States,24034,Account Coordinator,Shuffletag
Kesley Benian,kbenian7k@jugem.jp,720-545-5572,A8,France,75312 CEDEX 09,Community Outreach Specialist,Youfeed
Flossy Andree,fandree7l@sfgate.com,212-930-8751,NY,United States,10131,Librarian,Shufflebeat
Willetta Rouby,wrouby7m@biglobe.ne.jp,977-557-8729,SK,Canada,G8V,Occupational Therapist,Cogilith
Jocelyn Kennon,jkennon7n@symantec.com,385-160-2300,,Japan,990-2374,Geologist IV,Kamba
Lucia Kienzle,lkienzle7o@msn.com,998-486-6411,COA,Mexico,30560,Tax Accountant,JumpXS
Silvester Culmer,sculmer7p@xinhuanet.com,314-674-7864,,Japan,344-0061,Senior Quality Engineer,Devcast
Christabel Bradnum,cbradnum7q@sohu.com,439-622-5627,AB,Canada,V2G,Software Consultant,Zoomzone
Theodore Rapier,trapier7r@newsvine.com,257-189-4291,GUA,Mexico,38800,Assistant Media Planner,Dynazzy
Derrick Silverstone,dsilverstone7s@craigslist.org,561-292-1328,BC,Canada,V7Y,Human Resources Assistant IV,Demimbu
Analiese Oldacres,aoldacres7t@amazon.co.uk,259-266-0271,A8,France,93604 CEDEX,Geological Engineer,Ooba
Nowell Hannis,nhannis7u@state.gov,756-592-9078,MIC,Mexico,60284,Graphic Designer,Voonte
Hebert Felipe,hfelipe7v@rakuten.co.jp,177-383-6370,A4,France,52109 CEDEX,Account Executive,Minyx
Carlo Karpenko,ckarpenko7w@nih.gov,467-166-7547,A8,France,95874 CEDEX,Registered Nurse,Ntags
Adda Bill,abill7x@cdbaby.com,754-246-9901,FL,United States,33064,Budget/Accounting Analyst IV,Wikizz
Aila Gildea,agildea7y@nydailynews.com,603-571-4067,B5,France,49066 CEDEX 01,Software Engineer II,Thoughtbeat
Tony Sterzaker,tsterzaker7z@51.la,260-833-5871,OAX,Mexico,71730,Geological Engineer,Mynte
Anetta Roncelli,aroncelli80@facebook.com,784-162-9205,,Japan,708-1104,Structural Analysis Engineer,Youspan
Carl Pettinger,cpettinger81@unicef.org,699-637-6665,BC,Canada,V9C,Senior Sales Associate,Ntags
Clemens Ollerhad,collerhad82@cloudflare.com,617-957-9788,MA,United States,02203,Cost Accountant,Tazzy
Melonie Trinkwon,mtrinkwon83@census.gov,384-955-9409,COA,Mexico,29913,Geologist I,Tazz
Caril Nassey,cnassey84@bigcartel.com,324-438-5170,QC,Canada,J6W,Developer I,Twinder
Rosette Skokoe,rskokoe85@discuz.net,262-580-2412,MEX,Mexico,52105,Dental Hygienist,Babblestorm
Carissa Varndell,cvarndell86@kickstarter.com,549-952-8969,98,France,63057 CEDEX 1,Biostatistician III,Divape
Adaline Sorensen,asorensen87@ocn.ne.jp,736-216-9130,B8,France,06234 CEDEX,Tax Accountant,Feedfire
Becky Drohun,bdrohun88@mayoclinic.com,903-586-2398,NS,Canada,B4N,VP Product Management,Twitternation
Manuel Loomis,mloomis89@ihg.com,435-653-5185,AB,Canada,T1P,Quality Control Specialist,Yodoo
Georgianna Blewitt,gblewitt8a@cornell.edu,162-755-7953,A3,France,28114 CEDEX,Payment Adjustment Coordinator,Trilia
Uriah Sibbert,usibbert8b@wikimedia.org,570-981-5257,PA,United States,18505,Project Manager,Skyndu
Devon Tonge,dtonge8c@economist.com,107-729-5452,C1,France,68134 CEDEX,Marketing Assistant,Dablist
Elbertina Summerbell,esummerbell8d@elegantthemes.com,757-442-8955,VA,United States,23504,Junior Executive,Kaymbo
Redd Rapsey,rrapsey8e@slate.com,464-871-3092,,Japan,873-0001,Budget/Accounting Analyst II,Blogpad
Manon Follitt,mfollitt8f@gizmodo.com,243-703-7971,AB,Canada,N2E,Executive Secretary,Eimbee
Cindy Wanstall,cwanstall8g@cbslocal.com,843-130-8099,A8,France,91029 CEDEX,Analyst Programmer,Katz
Dena Cleugher,dcleugher8h@chronoengine.com,504-264-6595,LA,United States,70183,Recruiter,Oyonder
Creighton Ailward,cailward8i@dell.com,327-652-9949,A8,France,75455 CEDEX 09,Product Engineer,Flipstorm
Jose Giraux,jgiraux8j@behance.net,412-273-2380,PA,United States,15255,Junior Executive,Meemm
Merola Pee,mpee8k@msn.com,158-618-1652,,Japan,436-0079,Actuary,Edgewire
Trstram Jeffcoate,tjeffcoate8l@bizjournals.com,633-668-7812,B2,France,88084 CEDEX 9,Recruiting Manager,Avamba
Adriana Penning,apenning8m@geocities.com,345-392-5178,B9,France,69406 CEDEX 03,Mechanical Systems Engineer,Geba
Kirsti Dumini,kdumini8n@mozilla.org,850-988-0237,FL,United States,32309,Analog Circuit Design manager,Voonyx
Bat Antoney,bantoney8o@over-blog.com,202-417-9163,DC,United States,20520,Business Systems Development Analyst,Mynte
Kane Mc Combe,kmc8p@paypal.com,410-583-7572,A8,France,77109 CEDEX,Budget/Accounting Analyst II,Gigabox
Appolonia Renison,arenison8q@4shared.com,404-787-3421,GA,United States,30351,Operator,Brainbox
Hebert Pennoni,hpennoni8r@vkontakte.ru,563-489-1054,,Japan,799-0412,Systems Administrator III,Kazu
Clark Dunlap,cdunlap8s@google.ru,558-694-8180,,Japan,962-0042,Budget/Accounting Analyst II,Abata
Amber Jenken,ajenken8t@dyndns.org,519-368-7450,SK,Canada,V7P,Account Coordinator,Brainverse
Eddie Learmonth,elearmonth8u@tamu.edu,674-803-6974,ENG,United Kingdom,LS9,Senior Quality Engineer,Jabbercube
Cherilyn Tollemache,ctollemache8v@wikispaces.com,332-323-5094,MEX,Mexico,56700,Software Test Engineer I,Camimbo
Lazar Golledge,lgolledge8w@feedburner.com,397-360-8940,A3,France,18934 CEDEX 9,Web Designer I,Wikido
Worthington Naylor,wnaylor8x@1688.com,606-612-9539,B9,France,07139 CEDEX,Dental Hygienist,Ntag
Darby De Vaar,dde8y@si.edu,269-543-6347,,Japan,818-0138,Environmental Tech,Yodoo
Felike Grey,fgrey8z@seattletimes.com,987-142-4782,,Japan,999-8316,Chief Design Engineer,Digitube
Marcello Minghella,mminghella90@berkeley.edu,857-187-4682,B9,France,26029 CEDEX,Environmental Tech,Photolist
Rennie Girardot,rgirardot91@newyorker.com,504-173-4193,LA,United States,70174,Operator,Edgepulse
Budd Dungate,bdungate92@disqus.com,441-919-5351,BC,Canada,L0R,Staff Accountant I,Divape
Flore Iveson,fiveson93@sogou.com,335-886-0542,QC,Canada,J4X,Recruiting Manager,Brightdog
Abbi Iamittii,aiamittii94@scientificamerican.com,124-940-2606,C1,France,67454 CEDEX,Programmer I,Riffwire
Estella Moralas,emoralas95@ca.gov,202-330-4688,,Japan,999-7767,Marketing Manager,Thoughtsphere
Kristina Murdie,kmurdie96@apple.com,432-116-6386,TX,United States,79710,Help Desk Technician,Gigashots
Garey Ribbon,gribbon97@slate.com,559-260-1552,B8,France,83613 CEDEX,VP Product Management,Jetwire
Pennie O' Kelleher,po98@github.com,855-618-9124,B8,France,13538 CEDEX,Financial Analyst,Yodoo
Norrie Wathan,nwathan99@indiatimes.com,865-125-2178,,Japan,714-1405,Geologist II,Topiczoom
Chucho Crosser,ccrosser9a@unc.edu,687-169-9187,A8,France,75455 CEDEX 09,VP Quality Control,Vinder
Niven Boggers,nboggers9b@wordpress.com,202-218-2855,DC,United States,20535,Human Resources Manager,Yozio
Hillary Craik,hcraik9c@slideshare.net,488-931-1087,,Japan,872-0511,VP Product Management,Zooxo
Saloma Englishby,senglishby9d@dmoz.org,585-795-4171,NY,United States,14619,Actuary,Flipbug
Cathrine Cayley,ccayley9e@google.com.au,768-265-5283,C1,France,68925 CEDEX,Software Test Engineer IV,Tagchat
Minor Tofano,mtofano9f@twitter.com,175-191-6822,B8,France,13807 CEDEX,Programmer Analyst II,Wordpedia
Christy Matteacci,cmatteacci9g@google.nl,540-494-4206,VA,United States,24034,Dental Hygienist,Zoonder
Eugenius Bungey,ebungey9h@sina.com.cn,556-416-2634,,Japan,988-0057,GIS Technical Architect,Kazio
Inness Flatman,iflatman9i@eepurl.com,918-694-2178,OK,United States,74103,Senior Quality Engineer,Thoughtworks
Kimberli Crufts,kcrufts9j@google.ru,545-778-3140,ON,Canada,L3K,Geologist II,Youspan
Shell Kaspar,skaspar9k@mail.ru,801-356-4535,UT,United States,84115,Web Developer II,Wikizz
Raffaello Rogerot,rrogerot9l@blogtalkradio.com,713-417-6591,TX,United States,77299,Social Worker,Eidel
Win Peniello,wpeniello9m@vimeo.com,175-836-1183,A7,France,27036 CEDEX,Administrative Officer,Dablist
Garvy Iacobassi,giacobassi9n@bigcartel.com,324-658-6637,PUE,Mexico,73795,Chemical Engineer,Gabspot
Leonidas Hedman,lhedman9o@samsung.com,101-645-3550,BE,Germany,12437,Project Manager,Jetpulse
Ewell Phizackerly,ephizackerly9p@answers.com,479-719-2727,B8,France,84913 CEDEX 9,Electrical Engineer,Vitz
Libbie Handke,lhandke9q@home.pl,775-961-8557,QC,Canada,J4B,Human Resources Manager,Yodoo
Shermy Paslow,spaslow9r@google.ru,303-846-6242,CO,United States,80243,Accountant I,Flashdog
Jojo Rossborough,jrossborough9s@techcrunch.com,929-699-5415,B5,France,72304 CEDEX,Geologist I,Livefish
Eddy Menco,emenco9t@ucla.edu,971-962-1075,OR,United States,97240,Marketing Manager,Shufflester
Jozef McMinn,jmcminn9u@tmall.com,298-320-0152,,Japan,869-0502,VP Quality Control,Jamia
Beitris Culwen,bculwen9v@shop-pro.jp,419-136-0009,COA,Mexico,30509,VP Quality Control,Wordpedia
Ansel Dominicacci,adominicacci9w@cornell.edu,642-202-3259,B7,France,17014 CEDEX 1,Dental Hygienist,Flashset
Gail Fulbrook,gfulbrook9x@paginegialle.it,703-114-9764,VA,United States,20195,Research Assistant IV,Linkbuzz
Edmund Albiston,ealbiston9y@prweb.com,330-665-1925,OH,United States,44321,Recruiting Manager,Quinu
Trescha Wasiela,twasiela9z@ustream.tv,621-843-7822,B4,France,62335 CEDEX,Speech Pathologist,Flipbug
Travis Vobes,tvobesa0@desdev.cn,719-195-7473,,Japan,960-1476,General Manager,Izio
Gaylord Sealeaf,gsealeafa1@51.la,854-710-6903,,Japan,950-1262,Operator,Quinu
Adina Bassam,abassama2@ibm.com,674-235-1923,,Japan,929-0323,Business Systems Development Analyst,Dynabox
Cole Loakes,cloakesa3@cnn.com,977-722-7449,ON,Canada,T0C,Quality Engineer,Abata
Sunshine Danielot,sdanielota4@globo.com,885-341-7514,AB,Canada,T1W,Statistician IV,Flashpoint
Consuela Haselgrove,chaselgrovea5@japanpost.jp,524-364-2815,,Japan,289-1343,Computer Systems Analyst IV,Tavu
Silvio Twaits,stwaitsa6@uol.com.br,709-135-2884,,Japan,243-0007,Actuary,Linkbuzz
Kara Cristofor,kcristofora7@ezinearticles.com,616-757-2076,,Japan,959-2013,General Manager,Cogidoo
Eldon Campion,ecampiona8@51.la,636-387-4840,B9,France,69902 CEDEX 20,General Manager,Jatri
Lillis Witherow,lwitherowa9@cbsnews.com,213-890-0729,B9,France,74999 CEDEX 9,Sales Representative,Browsetype
Ignazio Bagshawe,ibagshaweaa@a8.net,282-915-8433,B4,France,59024 CEDEX,Data Coordiator,Aibox
Bondon Gery,bgeryab@phpbb.com,941-719-3078,FL,United States,34282,Senior Editor,Shuffletag
Deva Gottschalk,dgottschalkac@tamu.edu,347-892-7189,NY,United States,11355,Mechanical Systems Engineer,Demizz
Annette O'Cuddie,aocuddiead@biblegateway.com,702-316-2718,NV,United States,89115,Marketing Manager,Jabbertype
Moreen Manser,mmanserae@devhub.com,717-160-3069,,Japan,938-0043,Chemical Engineer,Gabtune
Alberta Brookes,abrookesaf@wp.com,719-434-0056,,Japan,839-1404,Computer Systems Analyst III,Pixoboo
Katusha Yashin,kyashinag@chron.com,507-316-0436,MEX,Mexico,50090,Web Developer I,Yambee
Wilden McKeveney,wmckeveneyah@last.fm,406-416-3670,CHP,Mexico,27944,Social Worker,Jetwire
Abeu Shortin,ashortinai@google.ca,333-843-7680,97,France,24758 CEDEX,Graphic Designer,Trilith
Traci Hirth,thirthaj@freewebs.com,513-202-2341,C1,France,67144 CEDEX,Food Chemist,Camido
Dasya Mournian,dmournianak@purevolume.com,134-700-3130,QC,Canada,N2E,Safety Technician III,Linkbuzz
Jacklin Velten,jveltenal@china.com.cn,170-333-3828,C1,France,67165 CEDEX,Marketing Assistant,Twiyo
Donn Nichol,dnicholam@dyndns.org,254-877-0876,B3,France,31039 CEDEX 9,Developer IV,Bluezoom
Deloris Loynton,dloyntonan@last.fm,438-594-3633,SN,Germany,09116,Account Representative II,Thoughtsphere
Sharlene Muirden,smuirdenao@arstechnica.com,316-628-7883,KS,United States,67210,General Manager,Shuffledrive
Arther Deave,adeaveap@taobao.com,752-350-6159,,Japan,987-0121,Business Systems Development Analyst,Yodoo
Fawne McReynold,fmcreynoldaq@google.com.br,417-762-6637,MO,United States,65810,Administrative Assistant IV,Yodo
Dina Nuscha,dnuschaar@hhs.gov,696-367-6276,B9,France,26009 CEDEX,Geologist II,Photofeed
Boyce Grzelczak,bgrzelczakas@desdev.cn,714-607-2154,,Japan,666-0137,Programmer IV,Yakitri
Joelie Kinkade,jkinkadeat@hugedomains.com,212-676-4880,NY,United States,10175,Nuclear Power Engineer,Tagopia
Glynda Kollas,gkollasau@newsvine.com,509-747-2997,,Japan,319-1304,VP Quality Control,Cogidoo
Lawrence Aughtie,laughtieav@vk.com,937-835-2362,OH,United States,45432,Payment Adjustment Coordinator,Pixoboo
Gaynor MacIlory,gmaciloryaw@slate.com,305-460-6362,COL,Mexico,31210,Recruiter,Photobean
Annabelle Currin,acurrinax@slate.com,920-321-2570,ON,Canada,L1X,Design Engineer,Rhyzio
Hercules Klesse,hklesseay@pinterest.com,919-594-3376,NC,United States,27690,Cost Accountant,Bluejam
Thorvald Jakubiak,tjakubiakaz@nyu.edu,281-561-3011,TX,United States,77045,Physical Therapy Assistant,Blogpad
Yolande Stileman,ystilemanb0@ted.com,893-332-1847,,Japan,990-2412,Actuary,Zoomzone
Ruttger Krier,rkrierb1@chicagotribune.com,515-600-9074,IA,United States,50393,Recruiter,Quinu
Joyce Divill,jdivillb2@marketwatch.com,460-292-9430,QC,Canada,J3V,Mechanical Systems Engineer,Dabtype
Elwood Swannie,eswannieb3@naver.com,609-863-5142,NJ,United States,08695,Senior Financial Analyst,Dazzlesphere
Rosemaria McGeechan,rmcgeechanb4@github.com,184-720-0366,A8,France,75954 CEDEX 19,Senior Sales Associate,Wikivu
Lin Suttie,lsuttieb5@miibeian.gov.cn,805-309-2629,CA,United States,91406,Environmental Specialist,Oyope
Weidar Abelovitz,wabelovitzb6@ihg.com,211-115-8875,MIC,Mexico,61609,Occupational Therapist,Edgeify
Alfi Dring,adringb7@china.com.cn,865-973-7423,A8,France,75080 CEDEX 02,Geologist IV,Eayo
Danyelle Comiam,dcomiamb8@wufoo.com,495-777-4053,B8,France,13538 CEDEX,Associate Professor,Voonder
Carolus Korejs,ckorejsb9@pagesperso-orange.fr,317-289-1807,FL,United States,34642,Account Executive,Quatz
Etty Bazoge,ebazogeba@reddit.com,228-538-5136,VER,Mexico,95600,Chief Design Engineer,Voolia
Dion Inkin,dinkinbb@geocities.com,477-945-6913,COL,Mexico,33980,Software Test Engineer I,Oodoo
Danni Keiley,dkeileybc@163.com,650-462-2088,99,France,61891 CEDEX 9,Electrical Engineer,Mycat
Alberta Stapels,astapelsbd@blogger.com,607-222-0074,MIC,Mexico,58337,Staff Scientist,Youtags
Binky Goadsby,bgoadsbybe@miibeian.gov.cn,388-576-4279,,Japan,976-0154,Help Desk Operator,Zooxo
Slade Sparrow,ssparrowbf@t.co,552-691-0170,NW,Germany,51107,Geological Engineer,Mynte
Hamlen Liddel,hliddelbg@mediafire.com,676-170-6874,NS,Canada,B2G,Technical Writer,Thoughtworks
Bryn Rameau,brameaubh@theatlantic.com,882-302-4972,AB,Canada,N8V,Environmental Tech,Kwimbee
Saxe Vitall,svitallbi@ocn.ne.jp,635-785-5228,,Japan,981-0503,Research Assistant III,Einti
Gordon Benedick,gbenedickbj@tuttocitta.it,560-426-7604,A8,France,94149 CEDEX,Assistant Professor,Realmix
Stacey Gabel,sgabelbk@histats.com,167-953-6865,ENG,United Kingdom,LE15,Director of Sales,Twimbo
Boycie Chestnutt,bchestnuttbl@loc.gov,726-248-2768,,Japan,999-8242,Teacher,Kare
Gilda Crooks,gcrooksbm@last.fm,775-439-8984,B5,France,44200,Graphic Designer,Fiveclub
Curtice Fydo,cfydobn@csmonitor.com,763-845-8268,MN,United States,55590,Systems Administrator III,Skinder
Cesaro Ryall,cryallbo@123-reg.co.uk,858-796-1301,ON,Canada,L5W,Nuclear Power Engineer,Abata
Aldous Boydon,aboydonbp@time.com,276-351-7630,QC,Canada,G9H,Payment Adjustment Coordinator,Kayveo
Lee Lawday,llawdaybq@symantec.com,100-181-8929,AB,Canada,J5K,Tax Accountant,Tagtune
Malvina Speer,mspeerbr@acquirethisname.com,570-986-4195,PA,United States,18763,Help Desk Operator,Yakitri
Clarita Powdrell,cpowdrellbs@instagram.com,825-695-5879,B8,France,13858 CEDEX 3,Developer IV,Bluejam
Latisha Posnette,lposnettebt@whitehouse.gov,865-557-9838,TN,United States,37939,Design Engineer,Quinu
Rosabelle McGrann,rmcgrannbu@themeforest.net,606-324-0365,,Japan,999-7638,Compensation Analyst,Twitterworks
Morty Aimable,maimablebv@tmall.com,719-451-4778,A7,France,76404 CEDEX,Financial Advisor,Tagpad
Andie Clemonts,aclemontsbw@lycos.com,516-708-7951,A8,France,95711 CEDEX 1,Structural Engineer,Zava
Jacklin Ungerechts,jungerechtsbx@princeton.edu,582-460-3034,,Japan,901-0361,Financial Advisor,Brightbean
Kelwin Wharfe,kwharfeby@nationalgeographic.com,638-943-8244,A7,France,76177 CEDEX,Physical Therapy Assistant,Realbridge
Rebeca Bowdidge,rbowdidgebz@clickbank.net,159-721-9662,TAM,Mexico,87076,Systems Administrator I,Blognation
Erie Haquin,ehaquinc0@i2i.jp,217-116-5825,C1,France,67080 CEDEX,Teacher,Twimm
Murvyn Rudgerd,mrudgerdc1@usatoday.com,598-930-1070,GRO,Mexico,39260,Associate Professor,Wordtune
Jsandye Luscombe,jluscombec2@1688.com,851-286-6229,QC,Canada,H5B,Automation Specialist III,Linkbridge
Haydon Yea,hyeac3@state.tx.us,643-867-0380,,Japan,709-4306,Administrative Officer,Layo
Othilie Dunham,odunhamc4@amazon.com,650-556-5133,A2,France,22091 CEDEX 9,Junior Executive,Eire
Camala Keep,ckeepc5@time.com,954-917-0821,FL,United States,33169,Business Systems Development Analyst,Oyoyo
Sephira Ship,sshipc6@squidoo.com,723-882-6836,A3,France,28404 CEDEX,Geologist IV,Skalith
Adella Von Hindenburg,avonc7@auda.org.au,258-861-0907,A8,France,78897 CEDEX,Librarian,Shuffledrive
Ulises Becarra,ubecarrac8@cbc.ca,663-255-1091,MEX,Mexico,51247,Senior Sales Associate,Edgeify
Antons Maw,amawc9@wufoo.com,947-657-2614,QC,Canada,J1K,Senior Financial Analyst,Voonder
Alicea Venturoli,aventurolica@msn.com,106-494-0390,A8,France,75853 CEDEX 17,Occupational Therapist,Brainverse
Cristy Kalinovich,ckalinovichcb@oakley.com,410-701-2604,MD,United States,21290,Community Outreach Specialist,Skilith
Derron Spavins,dspavinscc@bravesites.com,585-529-8755,NY,United States,14609,Sales Representative,Dabfeed
Kial Rickman,krickmancd@harvard.edu,682-364-4329,TX,United States,76110,Technical Writer,Trudeo
Gris Stot,gstotce@sciencedirect.com,913-444-3461,QC,Canada,J3X,Pharmacist,Edgeclub
Maurene Arnoult,marnoultcf@msn.com,289-971-0412,A8,France,78204 CEDEX,Environmental Specialist,Trilith
Quinton Varfolomeev,qvarfolomeevcg@netvibes.com,351-184-2518,HH,Germany,22179,Mechanical Systems Engineer,Yamia
Nolly Cannell,ncannellch@webnode.com,720-964-3256,CO,United States,80241,Environmental Tech,Fanoodle
Danika Sheehan,dsheehanci@sina.com.cn,650-920-0535,HH,Germany,21037,Desktop Support Technician,Cogibox
May Hume,mhumecj@discuz.net,703-215-6944,QC,Canada,K2C,Chief Design Engineer,Blogpad
Roz Haigh,rhaighck@slashdot.org,756-630-7353,BC,Canada,L9T,Automation Specialist I,Edgewire
Jourdain Hufton,jhuftoncl@bandcamp.com,762-460-5028,BY,Germany,81373,Automation Specialist I,Edgetag
Vail Cheeld,vcheeldcm@artisteer.com,353-161-7631,,Japan,742-2807,Electrical Engineer,Yodoo
Shamus Finnemore,sfinnemorecn@sogou.com,549-155-0090,HH,Germany,22303,General Manager,Bluezoom
Clive Trunkfield,ctrunkfieldco@engadget.com,102-125-5017,A8,France,95072 CEDEX 1,Dental Hygienist,Yabox
Gabie Ferne,gfernecp@shop-pro.jp,366-276-8569,B3,France,81506 CEDEX,Librarian,Rhynyx
Brion Long,blongcq@prlog.org,866-870-8053,,Japan,467-0862,Human Resources Manager,Ainyx
Bruis Boagey,bboageycr@nsw.gov.au,934-942-4850,,Japan,859-0413,Analyst Programmer,Pixonyx
Debbie Edridge,dedridgecs@comcast.net,812-353-3849,IN,United States,47719,Mechanical Systems Engineer,Eamia
Eldridge Ghidetti,eghidettict@angelfire.com,202-333-7825,DC,United States,20380,Account Representative IV,Pixope
Zeke McIlreavy,zmcilreavycu@forbes.com,805-355-6905,COL,Mexico,31540,Electrical Engineer,Avamm
Gloriana Markey,gmarkeycv@accuweather.com,812-472-4978,A8,France,92924 CEDEX,Internal Auditor,Avamba
Dori Gantley,dgantleycw@bing.com,555-593-3403,,Japan,820-1114,Information Systems Manager,Gabtune
Stanwood Ebden,sebdencx@acquirethisname.com,560-499-9000,A4,France,51715 CEDEX,Administrative Officer,Zoomzone
Felicio Dumberrill,fdumberrillcy@seesaa.net,528-692-4734,B9,France,74041 CEDEX,Recruiter,Topicstorm
Pat Graybeal,pgraybealcz@dot.gov,162-545-1887,,Japan,176-0014,Health Coach IV,Trudoo
Tye Pashan,tpashand0@hud.gov,455-751-6783,A8,France,75837 CEDEX 17,Analyst Programmer,Photospace
Adrian Bolle,abolled1@ox.ac.uk,708-659-4502,BE,Germany,10179,Research Nurse,Skilith
Benjamen Roseburgh,broseburghd2@xinhuanet.com,950-411-4399,A3,France,28901 CEDEX 9,Professor,Meembee
Heather Finci,hfincid3@home.pl,420-937-1761,AB,Canada,L2T,VP Sales,Shufflester
Dre Russell,drusselld4@wikipedia.org,653-696-9155,COL,Mexico,32883,Mechanical Systems Engineer,Npath
Viviene MacRory,vmacroryd5@bloglines.com,956-868-5695,A3,France,28034 CEDEX,Dental Hygienist,Voolith
Shannon Hunton,shuntond6@histats.com,812-316-5114,B8,France,06173 CEDEX 2,Librarian,Blogtags
Van Gateman,vgatemand7@surveymonkey.com,773-669-7495,BC,Canada,K1B,Quality Engineer,Yakitri
Kally Maude,kmauded8@marketwatch.com,756-293-9508,NAY,Mexico,63174,Operator,Twinder
Lennard Scown,lscownd9@51.la,864-542-4087,SC,United States,29305,Staff Accountant II,Livefish
Drugi De Filippi,ddeda@intel.com,762-423-0008,QC,Canada,H9X,Help Desk Technician,Yotz
Pieter Blackledge,pblackledgedb@intel.com,585-915-0791,NY,United States,14683,Account Coordinator,Mydo
Matty Scrowby,mscrowbydc@networksolutions.com,805-877-3850,A2,France,22204 CEDEX,Physical Therapy Assistant,Vidoo
Rubetta Worrall,rworralldd@youku.com,785-239-2176,KS,United States,66622,Senior Sales Associate,Skippad
Rudie Bissiker,rbissikerde@ucoz.ru,803-850-5817,SC,United States,29220,Mechanical Systems Engineer,Yakitri
Aldon Keyson,akeysondf@weather.com,803-692-6082,B9,France,42045 CEDEX 1,Administrative Officer,Twitternation
Adriano Helversen,ahelversendg@booking.com,919-223-3372,B2,France,54516 CEDEX,Registered Nurse,Eamia
Iver Giraldo,igiraldodh@chronoengine.com,184-443-6147,ENG,United Kingdom,WC2H,Legal Assistant,Topicstorm
Bern Fellgate,bfellgatedi@webs.com,456-607-0177,AB,Canada,L2E,Financial Analyst,Thoughtsphere
Keriann Beeton,kbeetondj@oracle.com,490-742-8179,NLE,Mexico,64103,Electrical Engineer,Camimbo
Norman Lincke,nlinckedk@trellian.com,357-666-5777,,Japan,949-6212,Help Desk Operator,Zooveo
Harrietta Greenin,hgreenindl@cdbaby.com,888-704-0402,ON,Canada,S0H,Environmental Tech,Youtags
Hulda Sloat,hsloatdm@unicef.org,713-160-4610,TX,United States,77035,Recruiter,Meembee
Westbrooke Petruskevich,wpetruskevichdn@cpanel.net,419-476-1854,,Japan,779-0312,Help Desk Technician,Fiveclub
Angil Fairbrace,afairbracedo@deviantart.com,828-371-3863,A9,France,48005 CEDEX,Environmental Specialist,Voolith
Dorree Brome,dbromedp@about.com,311-510-3917,,Japan,942-0213,Physical Therapy Assistant,Skimia
Valera Elis,velisdq@csmonitor.com,918-167-0367,OK,United States,74193,Geological Engineer,Chatterpoint
Ilario Alldre,ialldredr@printfriendly.com,688-809-4916,ON,Canada,N5H,Research Associate,Ntags
Brose Vallentin,bvallentinds@w3.org,869-360-1111,BC,Canada,E1W,Geological Engineer,Photobug
Rooney Connerly,rconnerlydt@europa.eu,112-153-5426,B7,France,17314 CEDEX,Civil Engineer,Kare
Creight Pond,cponddu@hc360.com,570-570-4257,QC,Canada,G5H,General Manager,Trudoo
Wilfred Launder,wlaunderdv@cnn.com,877-391-0053,B9,France,42021 CEDEX 1,Registered Nurse,Reallinks
Holly Lautie,hlautiedw@nhs.uk,474-151-3008,A5,France,20292 CEDEX,Administrative Officer,Devcast
Marin Zanni,mzannidx@photobucket.com,563-937-4044,,Japan,520-2541,Legal Assistant,Tazzy
Melanie Trendle,mtrendledy@google.co.uk,703-111-2050,VA,United States,22301,Accounting Assistant III,Wordify
Hurleigh Roberto,hrobertodz@columbia.edu,510-582-0853,CA,United States,94622,VP Product Management,Skinte
Leeland Filip,lfilipe0@cornell.edu,114-369-2417,A8,France,75166 CEDEX 19,Geologist II,Browsetype
Esta Michelle,emichellee1@dedecms.com,874-179-2792,AB,Canada,T9C,Research Associate,Eimbee
Anna-maria Everix,aeverixe2@gmpg.org,422-284-2806,ON,Canada,L3V,Quality Control Specialist,Eazzy
Normie Skevington,nskevingtone3@who.int,846-214-5033,A3,France,37205 CEDEX 3,Staff Accountant I,Snaptags
Melodie Lehrian,mlehriane4@moonfruit.com,404-751-8571,GA,United States,30130,Social Worker,Youfeed
Bailie Noni,bnonie5@nytimes.com,303-186-1340,CO,United States,80243,Desktop Support Technician,Tagtune
Conrad Grimolbie,cgrimolbiee6@unesco.org,104-775-1266,B2,France,54021 CEDEX,Quality Engineer,Twitterbeat
Rebe Flannigan,rflannigane7@wired.com,634-560-6469,A8,France,93517 CEDEX,Sales Representative,Jabberbean
Adriena Wabb,awabbe8@youtube.com,668-554-6217,ON,Canada,N6C,Chemical Engineer,Youspan
Clywd Passman,cpassmane9@soundcloud.com,702-454-9749,NV,United States,89160,Developer IV,Roombo
Lem Beachem,lbeachemea@vk.com,816-707-9323,A6,France,25304 CEDEX,Account Representative II,Devpoint
Amie Kingsley,akingsleyeb@berkeley.edu,963-204-5871,B7,France,17073 CEDEX 9,Office Assistant IV,Centimia
Vonnie Pantlin,vpantlinec@odnoklassniki.ru,977-546-8027,ON,Canada,S4X,Statistician II,Edgetag
Albertine Landre,alandreed@jiathis.com,736-439-7246,B6,France,02104 CEDEX,Information Systems Manager,Yata
Justinian Brown,jbrownee@bloglovin.com,916-470-9093,A8,France,92592 CEDEX,Project Manager,Devify
Silva O' Hanvey,soef@netlog.com,914-984-4297,,Japan,677-0043,Geologist I,Yozio
Olly Yuranovev,oyuranoveveg@youtube.com,589-118-8502,GUA,Mexico,38900,Associate Professor,Eidel
Jacky Grishakov,jgrishakoveh@google.ca,227-956-4615,98,France,63043 CEDEX 2,Office Assistant IV,Rhybox
Salvatore Morican,smoricanei@hatena.ne.jp,408-300-2574,CA,United States,95160,VP Marketing,Skiptube
Obadiah Lanfere,olanfereej@shutterfly.com,585-913-8997,NY,United States,14683,Account Coordinator,Eire
Barn O' Dooley,boek@qq.com,479-446-0808,MEX,Mexico,55407,VP Marketing,Babbleopia
Perry Dwelly,pdwellyel@nifty.com,745-653-0372,,Japan,957-0048,Help Desk Operator,Jazzy
Harlin Petruszka,hpetruszkaem@google.pl,775-632-0158,NV,United States,89714,Business Systems Development Analyst,Trudoo
Rosalia Gaish,rgaishen@zimbio.com,580-730-2293,,Japan,917-0102,Web Designer I,Livepath
Marshall Yokel,myokeleo@army.mil,993-302-7103,HID,Mexico,42082,Associate Professor,Feedfish
Kaitlynn Flather,kflatherep@yale.edu,407-974-4543,FL,United States,32868,Structural Analysis Engineer,Wordify
Estell Basnett,ebasnetteq@surveymonkey.com,774-859-7262,GRO,Mexico,39949,Help Desk Technician,Jaxspan
Julieta Normanvill,jnormanviller@marketwatch.com,614-585-3035,OH,United States,43210,Staff Accountant II,Quaxo
Zaccaria Antic,zantices@amazon.de,331-104-9744,C1,France,68309 CEDEX,Desktop Support Technician,DabZ
Celinda Lennarde,clennardeet@tripod.com,705-627-6357,B5,France,72100,Developer II,Skyba
Jorie Alforde,jalfordeeu@bloomberg.com,139-204-5836,,Japan,870-0002,Payment Adjustment Coordinator,Thoughtmix
Fawn Napier,fnapierev@stanford.edu,858-963-1035,VER,Mexico,92773,Design Engineer,Quimba
Natale Duddin,nduddinew@ox.ac.uk,210-456-2239,TX,United States,78220,Accounting Assistant II,Minyx
Madelaine Gherardini,mgherardiniex@acquirethisname.com,741-549-5142,B9,France,69639 CEDEX,Account Executive,Fliptune
Ian Niccols,iniccolsey@livejournal.com,401-985-9582,B6,France,80146 CEDEX,Cost Accountant,Dablist
Rhonda Tibbetts,rtibbettsez@free.fr,913-810-7967,KS,United States,66276,Occupational Therapist,Oyoloo
Maxi Offin,moffinf0@nih.gov,214-692-5869,TX,United States,75049,Web Developer II,Tagpad
Kris Keggin,kkegginf1@google.es,195-499-6486,AB,Canada,L2T,VP Accounting,Realblab
Ethelind Oby,eobyf2@vkontakte.ru,404-721-2305,GA,United States,30328,Research Nurse,Edgetag
Chickie Ferbrache,cferbrachef3@marketwatch.com,412-324-0895,COL,Mexico,32883,Administrative Officer,Tavu
Willie De Metz,wdef4@facebook.com,404-973-6308,GA,United States,30130,Assistant Professor,Meeveo
Basilius Lindborg,blindborgf5@mit.edu,301-798-3830,MD,United States,20784,GIS Technical Architect,Avavee
Ellie Kytter,ekytterf6@goo.gl,195-918-7418,A2,France,22004 CEDEX 1,Programmer IV,Avavee
Lew Manston,lmanstonf7@gizmodo.com,629-248-5264,NS,Canada,B2G,Physical Therapy Assistant,Skibox
Mommy Argile,margilef8@reuters.com,967-280-5867,SK,Canada,G8V,Account Coordinator,Skivee
Kikelia Licciardi,klicciardif9@altervista.org,282-605-9800,99,France,61104 CEDEX,Financial Analyst,Topdrive
Sunshine Jakubovicz,sjakuboviczfa@123-reg.co.uk,407-337-9426,NL,Canada,E8K,Safety Technician III,Feedmix
Thaine Budgen,tbudgenfb@cam.ac.uk,323-986-6543,B8,France,84878 CEDEX,Safety Technician I,Lazz
Gay Auden,gaudenfc@nature.com,725-742-5853,A8,France,75235 CEDEX 05,Media Manager IV,Topiclounge
Hollie Beininck,hbeininckfd@163.com,158-857-7861,ON,Canada,P7L,Human Resources Assistant II,Blogtags
Gregorius Shiers,gshiersfe@dagondesign.com,508-809-5968,,Japan,697-1201,Environmental Tech,Blognation
Odelle Coit,ocoitff@taobao.com,603-424-5684,A7,France,76177 CEDEX,Research Associate,Vinder
Hastie Grafton,hgraftonfg@qq.com,501-336-9163,AR,United States,72209,VP Product Management,Dabjam
Gilda Huban,ghubanfh@wsj.com,579-433-1434,,Japan,963-4603,Structural Analysis Engineer,Voomm
Conant Duckering,cduckeringfi@zdnet.com,805-176-1146,CA,United States,93311,Desktop Support Technician,Skimia
Viviyan Margaret,vmargaretfj@gnu.org,285-831-8729,,Japan,590-0521,Accountant I,Roodel
Colin Daltry,cdaltryfk@qq.com,473-919-4028,,Japan,793-0213,Structural Engineer,Devshare
Stern Haveline,shavelinefl@canalblog.com,897-379-8098,A8,France,94745 CEDEX,Developer III,Skinte
Willette Beardsell,wbeardsellfm@chicagotribune.com,713-286-2834,MEX,Mexico,53570,General Manager,Jatri
Mickie Algy,malgyfn@cyberchimps.com,412-875-8760,B7,France,17024 CEDEX 1,Junior Executive,Eare
Dorrie Bardey,dbardeyfo@nasa.gov,673-730-0197,HE,Germany,60549,Research Associate,Yakidoo
Gnni De Cleen,gdefp@drupal.org,516-778-1234,VER,Mexico,96556,Administrative Assistant II,Eimbee
Cecilla Goodier,cgoodierfq@sitemeter.com,816-644-5106,A8,France,92691 CEDEX,Health Coach II,Dynava
Sapphira Giffen,sgiffenfr@mediafire.com,757-446-0974,VA,United States,23612,Editor,Trunyx
Bernita Lages,blagesfs@cocolog-nifty.com,430-737-1776,A8,France,78718 CEDEX,Actuary,Eidel
Ami Thoday,athodayft@icio.us,602-902-3393,AZ,United States,85030,Executive Secretary,Voonyx
Marybelle Akess,makessfu@nationalgeographic.com,629-909-9521,MB,Canada,H4S,Cost Accountant,Livetube
Ellerey Trumble,etrumblefv@alexa.com,880-313-7863,B9,France,69441 CEDEX 03,Account Executive,Reallinks
Jakie Chestnutt,jchestnuttfw@php.net,399-758-8779,QC,Canada,G5X,Structural Engineer,Janyx
Lorita Leng,llengfx@prnewswire.com,125-685-9197,,Japan,314-0116,Senior Cost Accountant,Bluejam
Aryn Edwinson,aedwinsonfy@ihg.com,238-897-1866,A8,France,92169 CEDEX,Staff Accountant I,Skalith
Grant Coomber,gcoomberfz@google.co.jp,970-852-9265,B5,France,44244 CEDEX,VP Product Management,Dabjam
Emili Donisthorpe,edonisthorpeg0@liveinternet.ru,478-523-2012,GA,United States,31205,Actuary,Ainyx
Caryn Rexworthy,crexworthyg1@taobao.com,730-711-6787,,Japan,571-0050,Librarian,Jazzy
Winn Yardy,wyardyg2@independent.co.uk,865-846-8021,TN,United States,37939,Human Resources Assistant III,Gabvine
Adoree Bryden,abrydeng3@barnesandnoble.com,381-526-5319,A9,France,30404 CEDEX,Web Designer IV,Buzzster
Issi Fairbank,ifairbankg4@so-net.ne.jp,702-516-6704,B8,France,13232 CEDEX 01,Statistician IV,Zooveo
Hedwiga Tesseyman,htesseymang5@irs.gov,837-907-5006,,Japan,839-1407,Systems Administrator III,Yakitri
Lynnea Gisbye,lgisbyeg6@japanpost.jp,653-736-9349,MEX,Mexico,55690,Software Consultant,Eazzy
Kale Spowage,kspowageg7@nbcnews.com,757-313-0497,VA,United States,23514,Geological Engineer,Livefish
Josefa Feltoe,jfeltoeg8@spotify.com,676-208-1391,ON,Canada,L2J,Analyst Programmer,Tazzy
Wyatan Castleman,wcastlemang9@engadget.com,656-910-3380,A8,France,75832 CEDEX 17,Database Administrator IV,Voolia
Hildagard Jiri,hjiriga@eepurl.com,154-303-8092,,Japan,941-0056,Quality Control Specialist,Quire
Johnath Taig,jtaiggb@list-manage.com,277-385-7817,,Japan,410-0871,Account Representative I,Yotz
Cristie Janczak,cjanczakgc@amazon.co.jp,345-644-2115,MEX,Mexico,56528,Clinical Specialist,Yakijo
Frannie Pauley,fpauleygd@foxnews.com,173-285-8686,A2,France,22304 CEDEX,Graphic Designer,Oba
Artemus Edwardes,aedwardesge@canalblog.com,808-583-2229,HI,United States,96850,Media Manager I,Twinder
Obediah Batalini,obatalinigf@patch.com,679-128-3943,,Japan,969-1513,Librarian,Skiba
Karmen Allwright,kallwrightgg@stumbleupon.com,265-531-7861,MEX,Mexico,52105,Executive Secretary,Skipstorm
Didi Rushbrook,drushbrookgh@cafepress.com,338-339-0002,,Japan,455-0054,General Manager,Skaboo
Bern Goby,bgobygi@who.int,468-466-3159,97,France,33314 CEDEX,Nurse,Topiclounge
Maible Delicate,mdelicategj@plala.or.jp,417-273-7720,B5,France,44911 CEDEX 9,Web Developer I,Jabbercube
Lizette Ketteridge,lketteridgegk@desdev.cn,165-261-6437,,Japan,999-3146,Technical Writer,Yodel
Jeniffer Blundin,jblundingl@quantcast.com,915-743-0102,A8,France,91965 CEDEX,Actuary,Plajo
Nicole Rivalant,nrivalantgm@apache.org,597-869-8950,,Japan,692-0212,Compensation Analyst,Fliptune
Ivette Wildbore,iwildboregn@altervista.org,520-543-8150,A4,France,08209 CEDEX,Systems Administrator IV,Nlounge
Hershel Gilham,hgilhamgo@prlog.org,671-392-8405,MOR,Mexico,62576,Help Desk Operator,Oloo
Alanson Wildgoose,awildgoosegp@artisteer.com,875-578-7447,,Japan,357-0056,Assistant Manager,Jayo
Aldus Picott,apicottgq@ft.com,916-532-9030,CA,United States,95813,Tax Accountant,Browseblab
Dorolisa Erskine,derskinegr@desdev.cn,195-377-6219,BE,Germany,12307,Electrical Engineer,Fiveclub
Noble Steane,nsteanegs@google.co.jp,166-301-3744,,Japan,617-0002,Budget/Accounting Analyst III,Realpoint
Taylor Graffin,tgraffingt@cafepress.com,771-389-9580,,Japan,289-1211,Physical Therapy Assistant,Tagfeed
Marilee Dumbare,mdumbaregu@t.co,334-494-8833,ON,Canada,L5W,Environmental Specialist,Roomm
Alaric Kingsnode,akingsnodegv@prlog.org,916-982-4274,CA,United States,95813,Environmental Tech,Edgeify
Vevay Yggo,vyggogw@myspace.com,779-827-6031,QC,Canada,H5B,Marketing Assistant,Tagfeed
Felipe de Marco,fdegx@networkadvertising.org,718-827-1295,NY,United States,10310,Account Coordinator,Livetube
Hadleigh Aust,haustgy@blogtalkradio.com,344-986-5966,,Japan,949-3376,Business Systems Development Analyst,Meezzy
Paxton Eakins,peakinsgz@jugem.jp,484-643-1466,,Japan,929-0323,Media Manager II,Topiczoom
Stephine Kissack,skissackh0@reverbnation.com,801-553-1791,B9,France,38354 CEDEX,Chemical Engineer,Topdrive
Tan Breydin,tbreydinh1@latimes.com,144-728-4400,A8,France,75609 CEDEX 12,Clinical Specialist,Voomm
Marie-ann Benting,mbentingh2@dailymail.co.uk,963-625-8441,A8,France,93214 CEDEX,Computer Systems Analyst III,Tagtune
Trish Castro,tcastroh3@wix.com,162-980-5172,A8,France,75326 CEDEX 07,Developer IV,Eimbee
Kennie Starte,kstarteh4@yandex.ru,619-915-0557,CA,United States,92170,Financial Analyst,Wikivu
Jacquelin Schnitter,jschnitterh5@bandcamp.com,583-413-1079,NLE,Mexico,66410,Help Desk Technician,Twitterwire
Olympie Pottes,opottesh6@taobao.com,965-951-2585,A8,France,94504 CEDEX,Statistician IV,Twitterlist
Jsandye Kearford,jkearfordh7@tamu.edu,766-966-6811,PE,Canada,S7K,Staff Scientist,Livepath
Erin Swanborrow,eswanborrowh8@sogou.com,361-988-6544,C1,France,67961 CEDEX 9,Associate Professor,Youspan
Minerva Gilvary,mgilvaryh9@tmall.com,688-619-6924,,Japan,436-0079,Compensation Analyst,Buzzdog
Yolanthe Overpool,yoverpoolha@huffingtonpost.com,613-448-8647,A9,France,34032 CEDEX 1,Actuary,Zoomlounge
Humfried Inkin,hinkinhb@naver.com,451-975-5999,,Japan,996-0051,Librarian,Jazzy
Maryanne Grieve,mgrievehc@yellowpages.com,812-817-6792,IN,United States,47725,Systems Administrator II,Trudoo
Henriette Bottomer,hbottomerhd@merriam-webster.com,415-390-4961,A8,France,95611 CEDEX,Computer Systems Analyst IV,Kanoodle
Serene Pynn,spynnhe@twitpic.com,770-218-0887,B5,France,49066 CEDEX 01,Office Assistant IV,Geba
Julienne Quigg,jquigghf@msn.com,562-586-7404,QC,Canada,H9P,General Manager,Jayo
Ichabod Probbing,iprobbinghg@w3.org,876-321-6632,,Japan,754-0021,Financial Advisor,Bubblebox
Leanor Garz,lgarzhh@oakley.com,469-636-6927,ENG,United Kingdom,WC2H,Human Resources Manager,Dabvine
Early Bollins,ebollinshi@pen.io,548-625-0778,A8,France,95334 CEDEX,Assistant Professor,Bluezoom
Elwin Trencher,etrencherhj@archive.org,281-939-8807,TX,United States,77045,Social Worker,Voomm
Hendrika Koppel,hkoppelhk@illinois.edu,630-993-8835,B9,France,01117 CEDEX,Tax Accountant,Kazio
Bari Shoebrook,bshoebrookhl@google.nl,901-357-8440,,Japan,501-1235,Analyst Programmer,Feedfire
Elly Kumaar,ekumaarhm@over-blog.com,233-192-2321,,Japan,157-0067,Senior Sales Associate,Geba
Sonnnie Ewbanck,sewbanckhn@photobucket.com,982-878-3849,NB,Canada,E1A,Help Desk Technician,Devbug
Willi Martello,wmartelloho@berkeley.edu,152-892-8688,BW,Germany,68239,Account Representative IV,Rhynoodle
Claresta Lenard,clenardhp@arstechnica.com,524-583-3030,,Japan,996-0087,Account Coordinator,Babblestorm
Waring Kyllford,wkyllfordhq@ftc.gov,915-605-1247,TX,United States,79999,Account Coordinator,Jetwire
Grover Boxell,gboxellhr@tuttocitta.it,283-295-3068,,Japan,992-0325,Senior Financial Analyst,Trudeo
Gipsy Mandel,gmandelhs@ftc.gov,390-736-7482,,Japan,999-3145,Nurse Practicioner,Mybuzz
Theo Spencer,tspencerht@engadget.com,202-240-2463,DC,United States,20436,Pharmacist,Browseblab
Cherilynn Elgey,celgeyhu@tiny.cc,205-427-2990,C1,France,68069 CEDEX 2,Geologist II,Shuffledrive
Sara Pickett,spicketthv@cnbc.com,216-851-4617,OH,United States,44185,Help Desk Operator,Skibox
Bradford Westley,bwestleyhw@ocn.ne.jp,761-297-3794,BC,Canada,L9T,Web Developer I,Shuffledrive
Paulie Paulsson,ppaulssonhx@theatlantic.com,146-208-1645,A8,France,75929 CEDEX 19,Media Manager III,Shuffletag
Rhianna Jamson,rjamsonhy@columbia.edu,515-451-3704,IA,United States,50393,Nuclear Power Engineer,Plambee
Haily Bouts,hboutshz@mayoclinic.com,650-252-7677,,Japan,426-0224,Administrative Officer,Gabtune
Lorne Brittan,lbrittani0@i2i.jp,262-380-7394,,Japan,503-0232,General Manager,DabZ
Corina Piggott,cpiggotti1@sohu.com,792-241-6359,A8,France,75104 CEDEX 02,Teacher,Yodel
Kit Dainty,kdaintyi2@economist.com,502-675-1099,B5,France,85708 CEDEX,Senior Editor,Camido
Sandor Winstone,swinstonei3@reverbnation.com,617-216-3975,MA,United States,02162,Web Designer I,Skinte
Agnella Henaughan,ahenaughani4@bloomberg.com,904-395-8555,FL,United States,32277,Sales Representative,Gigashots
Loy Millichip,lmillichipi5@topsy.com,447-366-5621,A8,France,94542 CEDEX,Quality Control Specialist,Thoughtstorm
Alvy Seabright,aseabrighti6@wisc.edu,446-515-5926,A5,France,20195 CEDEX 1,Social Worker,Brainverse
Linzy Reddings,lreddingsi7@smugmug.com,307-738-2513,QC,Canada,J7G,Cost Accountant,Flashset
Evangelia Whitfeld,ewhitfeldi8@eepurl.com,541-438-2497,B8,France,13540,Computer Systems Analyst II,Tazz
Florencia Laybourne,flaybournei9@alibaba.com,387-578-3769,C1,France,68925 CEDEX,Computer Systems Analyst II,Skyble
Kermit Bauchop,kbauchopia@narod.ru,992-745-7457,,Japan,999-1413,Occupational Therapist,Twitterwire
Fee Costelloe,fcostelloeib@hatena.ne.jp,275-992-0846,A8,France,75808 CEDEX 17,Financial Analyst,Flashspan
Marijn Scriven,mscrivenic@fotki.com,196-540-3080,AB,Canada,T4C,Cost Accountant,Oyoba
Gusta Carass,gcarassid@apache.org,686-753-5717,A1,France,21019 CEDEX,Systems Administrator IV,Devpoint
Bella Pannaman,bpannamanie@myspace.com,915-413-7186,TX,United States,88541,Legal Assistant,Ntag
Dorthy Thundercliffe,dthundercliffeif@ed.gov,408-790-5444,CA,United States,95194,Pharmacist,Npath
Barbara Tunnick,btunnickig@nasa.gov,485-419-5313,HH,Germany,22041,Paralegal,Reallinks
Gwenny Pilsworth,gpilsworthih@thetimes.co.uk,801-764-4658,UT,United States,84115,Clinical Specialist,Lazzy
Lannie Shorthill,lshorthillii@hatena.ne.jp,694-109-5203,QC,Canada,J1E,Assistant Professor,Tambee
Mallissa Lorenzetto,mlorenzettoij@arstechnica.com,495-545-1205,A3,France,45933 CEDEX 9,Nurse Practicioner,Einti
Guss Fowley,gfowleyik@yale.edu,970-467-4046,QC,Canada,J6S,Senior Developer,Feedbug
Perry Nutkin,pnutkinil@google.co.uk,718-141-9024,,Japan,365-0023,Electrical Engineer,Lazzy
Allin Shaw,ashawim@loc.gov,527-772-3652,SH,Germany,24109,Nuclear Power Engineer,Avaveo
Wat Hofler,whoflerin@vkontakte.ru,833-777-3069,GRO,Mexico,40053,Staff Accountant IV,Janyx
Vergil Challace,vchallaceio@tuttocitta.it,864-716-8585,SN,Germany,04109,Administrative Officer,Roombo
Myrtice Folkerts,mfolkertsip@360.cn,930-643-6476,VER,Mexico,96720,Software Engineer I,Reallinks
Guillema Mountain,gmountainiq@hibu.com,149-960-3242,GRO,Mexico,39260,Accounting Assistant I,Skimia
Felicle Strasse,fstrasseir@bluehost.com,692-224-0202,NS,Canada,G6G,Community Outreach Specialist,Gabtune
Demetre Steven,dstevenis@answers.com,915-213-5309,TX,United States,88530,Dental Hygienist,Yoveo
Caralie Pinckney,cpinckneyit@moonfruit.com,921-256-1409,B9,France,38293 CEDEX,Mechanical Systems Engineer,Kazu
Iago Spikins,ispikinsiu@ca.gov,931-839-6797,,Japan,816-0097,Systems Administrator IV,Zazio
Gardner Denk,gdenkiv@etsy.com,707-898-1134,AB,Canada,T9C,Biostatistician III,Thoughtstorm
Olivier Enders,oendersiw@paypal.com,281-667-5869,,Japan,989-2463,Geological Engineer,Yodoo
Amalea Pirdy,apirdyix@lycos.com,702-552-9432,NV,United States,89160,Analog Circuit Design manager,Tagchat
Roderigo Steger,rstegeriy@prlog.org,754-889-0194,,Japan,769-2101,Software Engineer II,Trudoo
Sigismund Knolles-Green,sknollesgreeniz@admin.ch,614-366-5882,OH,United States,43220,Research Associate,Agivu
Stearn McTurlough,smcturloughj0@nhs.uk,547-701-2761,A8,France,94704 CEDEX,Sales Representative,Kazio
Bernelle Southam,bsouthamj1@skyrock.com,138-132-9655,CHP,Mexico,26060,Payment Adjustment Coordinator,Riffwire
Sabra Faulconbridge,sfaulconbridgej2@berkeley.edu,480-351-5629,,Japan,315-0022,Community Outreach Specialist,Demimbu
Clerissa Longridge,clongridgej3@google.it,847-760-2824,A8,France,94704 CEDEX,Web Designer II,Katz
Dorita Taveriner,dtaverinerj4@springer.com,307-696-5090,NW,Germany,50733,Programmer Analyst I,Skinder
Angel Strange,astrangej5@yellowbook.com,940-312-4231,,Japan,818-0138,Mechanical Systems Engineer,Blogtags
Candace Olsson,colssonj6@t-online.de,492-471-7718,97,France,33324 CEDEX,Project Manager,Chatterpoint
Khalil Rodenborch,krodenborchj7@cisco.com,947-728-3290,,Japan,989-0113,Financial Analyst,Skyvu
Lazarus Philippault,lphilippaultj8@shareasale.com,324-227-5602,,Japan,839-1344,Speech Pathologist,Yata
Georgy Billingsly,gbillingslyj9@ibm.com,964-358-2115,,Japan,289-0313,Assistant Professor,Twimm
Cleon Shoesmith,cshoesmithja@ftc.gov,984-238-6127,AB,Canada,T9C,Software Engineer II,Rhyloo
Hetti Condliffe,hcondliffejb@si.edu,574-246-5099,,Japan,319-1111,Electrical Engineer,Tagcat
Tamera Slatter,tslatterjc@homestead.com,224-640-8683,,Japan,976-0022,Registered Nurse,Zoomzone
Ranique Hawse,rhawsejd@pagesperso-orange.fr,569-839-3674,99,France,14409 CEDEX,VP Product Management,Mybuzz
Lilla Braycotton,lbraycottonje@jalbum.net,404-613-6486,GA,United States,30316,Research Nurse,Lazzy
Jessie Reany,jreanyjf@issuu.com,585-653-6306,NY,United States,14604,Automation Specialist III,Babblestorm
Amalee Mellings,amellingsjg@arizona.edu,705-613-0597,ON,Canada,L7A,Quality Control Specialist,Bluejam
Diane-marie Ciotti,dciottijh@prweb.com,910-206-0124,,Japan,300-0331,Financial Analyst,Roodel
Cinnamon Teodori,cteodoriji@ed.gov,483-311-1126,MEX,Mexico,51016,Physical Therapy Assistant,Edgeclub
Lemmie Baird,lbairdjj@istockphoto.com,698-314-8059,QC,Canada,J8H,Biostatistician I,Youopia
Jaime Weinham,jweinhamjk@lycos.com,504-239-1085,,Japan,955-0156,Web Designer IV,Fiveclub
Cirilo MacNockater,cmacnockaterjl@wp.com,134-835-8843,MEX,Mexico,51950,Junior Executive,Topdrive
Ceil Ligertwood,cligertwoodjm@ezinearticles.com,973-604-6019,NJ,United States,07522,Programmer Analyst II,Realfire
Ephrayim Wisby,ewisbyjn@free.fr,785-125-5866,KS,United States,66617,Internal Auditor,Chatterbridge
Merwyn Clapperton,mclappertonjo@wired.com,705-819-4619,BC,Canada,E1W,Research Associate,Eabox
Garner Gorcke,ggorckejp@newyorker.com,151-842-0530,JAL,Mexico,45306,General Manager,Vimbo
Curt Burhill,cburhilljq@facebook.com,189-749-1101,ENG,United Kingdom,LS6,Senior Cost Accountant,Katz
Caty Faithfull,cfaithfulljr@amazon.de,907-180-4503,OAX,Mexico,71122,Account Coordinator,Skalith
Alys Meddows,ameddowsjs@ehow.com,272-189-3548,,Japan,349-1104,Senior Editor,Feednation
Lombard Setterington,lsetteringtonjt@surveymonkey.com,841-462-5439,ON,Canada,K8H,Nurse Practicioner,Wikizz
Ertha Mountstephen,emountstephenju@weebly.com,458-441-6555,,Japan,861-0312,Project Manager,Dabshots
Gloriana Bollon,gbollonjv@mozilla.org,616-425-1355,MI,United States,49518,Nuclear Power Engineer,Flashset
Courtney Silvermann,csilvermannjw@blogs.com,217-849-0045,IL,United States,61825,Media Manager I,Meevee
Rubina Edmonstone,redmonstonejx@pcworld.com,940-431-7313,,Japan,839-1344,Business Systems Development Analyst,Aivee
Casper Corneille,ccorneillejy@usda.gov,463-369-6602,GRO,Mexico,39030,Software Consultant,Quamba
Dusty Pinock,dpinockjz@gnu.org,607-995-6546,NY,United States,14905,Biostatistician III,Eabox
Kane Foot,kfootk0@wisc.edu,615-737-5664,TN,United States,37215,Administrative Officer,Kare
Alon McCaffery,amccafferyk1@ycombinator.com,967-965-0830,,Japan,818-0138,Assistant Manager,Minyx
Tandy Milsap,tmilsapk2@jalbum.net,313-521-7410,MI,United States,48258,GIS Technical Architect,Reallinks
Mathe Verson,mversonk3@who.int,505-981-7379,NM,United States,87592,Programmer Analyst I,Skiba
Rosalynd Issakov,rissakovk4@google.ru,305-363-2905,FL,United States,33129,Community Outreach Specialist,Skyndu
Hermina Westpfel,hwestpfelk5@hibu.com,936-904-8280,HE,Germany,63073,Teacher,Ailane
Yardley Verchambre,yverchambrek6@indiatimes.com,719-883-1716,CO,United States,81010,Human Resources Manager,Viva
Evaleen Putt,eputtk7@shutterfly.com,289-918-9511,QC,Canada,M2N,Civil Engineer,Youopia
Mireille Ruddlesden,mruddlesdenk8@cloudflare.com,951-681-0396,A7,France,27309 CEDEX,Financial Advisor,Trilia
Gabbie Yanuk,gyanukk9@gravatar.com,274-373-3098,VER,Mexico,96980,Payment Adjustment Coordinator,Browsetype
Betti Seager,bseagerka@sakura.ne.jp,289-654-7343,B9,France,69345 CEDEX 07,Automation Specialist I,Wordify
Issi Phettis,iphettiskb@mozilla.org,271-271-4647,ON,Canada,S4X,Geological Engineer,Devbug
Mayne Whale,mwhalekc@noaa.gov,629-433-8286,B2,France,88804 CEDEX,Registered Nurse,Dynazzy
Kellby Bagshawe,kbagshawekd@furl.net,698-997-1867,A2,France,29563 CEDEX 9,Quality Engineer,Skimia
Violetta Witherow,vwitherowke@zdnet.com,404-758-7159,GA,United States,31106,Director of Sales,Oyondu
Nevile Banford,nbanfordkf@vinaora.com,313-532-4988,,Japan,820-1114,Community Outreach Specialist,Divavu
Lucila Tybalt,ltybaltkg@home.pl,643-508-5118,,Japan,820-0702,Developer I,Jabbersphere
Willard Matusevich,wmatusevichkh@surveymonkey.com,328-923-6645,,Japan,999-3776,Social Worker,Kazu
Ellette Heinonen,eheinonenki@house.gov,175-322-6005,,Japan,945-0812,Compensation Analyst,Quimm
Toma Rihanek,trihanekkj@sun.com,878-197-1034,,Japan,714-0081,Nuclear Power Engineer,Fivebridge
Philippe Brandacci,pbrandaccikk@latimes.com,347-248-6735,VER,Mexico,94723,VP Accounting,Zoovu
Georgetta Denmead,gdenmeadkl@mit.edu,303-724-9345,CO,United States,80217,Analog Circuit Design manager,Gigaclub
Stacee Wolsey,swolseykm@xrea.com,535-841-9236,,Japan,999-0141,Food Chemist,Voolia
Joletta Whellams,jwhellamskn@mlb.com,202-336-3155,DC,United States,20022,Assistant Professor,Skyvu
Van Tuson,vtusonko@ocn.ne.jp,214-714-2562,TX,United States,75205,Senior Editor,Yodel
Roselia Pancast,rpancastkp@gov.uk,202-634-5617,,Japan,315-0022,Physical Therapy Assistant,Dazzlesphere
Slade Brecknell,sbrecknellkq@irs.gov,871-772-7635,97,France,64145 CEDEX,Senior Cost Accountant,Skipstorm
Cheslie Rillett,crillettkr@github.io,517-480-6508,MI,United States,48912,Automation Specialist IV,Babbleset
Suzann Honeywood,shoneywoodks@skype.com,840-775-8501,,Japan,989-2474,Paralegal,Avamm
Janeta Natt,jnattkt@istockphoto.com,675-981-7706,B4,France,62335 CEDEX,VP Marketing,Brightdog
Nanon Titterton,ntittertonku@skyrock.com,913-866-1954,KS,United States,66286,Web Developer IV,Topiczoom
Hubey Durtnell,hdurtnellkv@tuttocitta.it,615-298-6350,A8,France,77304 CEDEX,Tax Accountant,Jabbertype
Minnnie Hallatt,mhallattkw@nymag.com,572-639-5598,BC,Canada,H1V,Teacher,Browseblab
Caryl Incogna,cincognakx@pagesperso-orange.fr,521-553-8332,B8,France,84504 CEDEX,Librarian,Muxo
Graig McCunn,gmccunnky@posterous.com,483-756-6204,,Japan,957-0353,Research Assistant II,Cogilith
Rustie Elcocks,relcockskz@cam.ac.uk,925-309-1508,C1,France,67454 CEDEX,Internal Auditor,Edgeblab
Demetris Craft,dcraftl0@techcrunch.com,905-913-2290,AB,Canada,T9G,Chief Design Engineer,Babbleblab
Stevie Boarleyson,sboarleysonl1@taobao.com,915-979-2988,TX,United States,79977,Systems Administrator I,Gigaclub
Evangeline Grishinov,egrishinovl2@soundcloud.com,218-137-0116,A9,France,30904 CEDEX 9,Health Coach II,Mymm
Adams Baribal,abariball3@nytimes.com,754-458-7616,A4,France,51074 CEDEX,Software Consultant,Quinu
Yale Skoggings,yskoggingsl4@furl.net,913-375-3783,KS,United States,66276,Environmental Specialist,Trilia
Georgette Genike,ggenikel5@taobao.com,208-686-4736,B8,France,06116 CEDEX,Help Desk Operator,Pixoboo
Leia deKnevet,ldeknevetl6@boston.com,212-772-8932,NY,United States,10131,Statistician II,Oyoyo
Pierrette Ginn,pginnl7@adobe.com,202-490-0368,DC,United States,20022,Clinical Specialist,Skiptube
Der Stoggell,dstoggelll8@usda.gov,703-126-2692,DUR,Mexico,35156,GIS Technical Architect,Zoomcast
Salim Karoly,skarolyl9@ft.com,101-475-8038,BC,Canada,N1G,Mechanical Systems Engineer,Vitz
Rodd Lochran,rlochranla@desdev.cn,210-222-0433,TX,United States,78205,Social Worker,Wordware
Linnell Easterby,leasterbylb@ebay.com,860-817-4828,CT,United States,06105,Desktop Support Technician,Snaptags
Cacilie Colaton,ccolatonlc@patch.com,907-834-0660,,Japan,300-0636,Senior Developer,Skinix
Caleb Stickels,cstickelsld@discovery.com,341-589-3736,,Japan,981-1502,Sales Associate,Rhybox
Rebekah Partener,rpartenerle@webmd.com,354-676-1204,,Japan,378-0401,General Manager,Yodel
Kayla Stilldale,kstilldalelf@github.io,907-970-0165,A9,France,34536 CEDEX,Assistant Manager,Mynte
Marlo Marrows,mmarrowslg@samsung.com,858-343-1946,VER,Mexico,93820,Sales Representative,Babbleopia
Isidora Durrell,idurrelllh@wordpress.com,564-417-4320,,Japan,895-2635,Technical Writer,Ozu
Corrie Lewsy,clewsyli@163.com,626-360-0226,CA,United States,91103,Data Coordiator,Eayo
Guenna Yeulet,gyeuletlj@sphinn.com,820-421-9476,PUE,Mexico,75200,Dental Hygienist,Quinu
Alfi Parsisson,aparsissonlk@epa.gov,387-656-7509,A8,France,75604 CEDEX 12,Speech Pathologist,Jabberstorm
Roseline Roycraft,rroycraftll@businessinsider.com,916-276-3479,CA,United States,95973,Librarian,Realbuzz
Nikolaus Pritty,nprittylm@go.com,775-276-5054,CHP,Mexico,26834,Recruiting Manager,Shuffletag
Chickie Erridge,cerridgeln@ocn.ne.jp,279-404-7683,,Japan,989-1505,Information Systems Manager,DabZ
King Alen,kalenlo@telegraph.co.uk,130-716-3673,A8,France,92660 CEDEX,Structural Analysis Engineer,Fadeo
Marijo Cornewell,mcornewelllp@japanpost.jp,452-833-7617,QC,Canada,J0N,Automation Specialist III,Podcat
Francis Buckie,fbuckielq@who.int,630-559-1316,,Japan,999-8201,Design Engineer,Skaboo
Antonia Stuckey,astuckeylr@merriam-webster.com,838-957-5954,A8,France,77484 CEDEX,Quality Control Specialist,Buzzster
Franny Duplan,fduplanls@purevolume.com,431-527-7176,QC,Canada,J1J,Project Manager,Katz
Caprice Brotherhed,cbrotherhedlt@ameblo.jp,837-719-3911,B4,France,59304 CEDEX,Environmental Specialist,Quimm
Anthony Alred,aalredlu@vk.com,281-586-3754,TX,United States,77070,Database Administrator IV,Babbleopia
Jane Archbould,jarchbouldlv@state.gov,996-265-9971,B5,France,72035 CEDEX 1,Electrical Engineer,Jetwire
Sandro Britto,sbrittolw@japanpost.jp,834-556-7065,GRO,Mexico,40160,Graphic Designer,Jabberbean
Brit Readmire,breadmirelx@chicagotribune.com,340-573-8745,99,France,14109 CEDEX,Recruiter,Jaxworks
Bonny Wiffill,bwiffillly@amazon.com,155-334-5001,NS,Canada,E6J,Social Worker,Kwinu
Gonzales Decort,gdecortlz@imageshack.us,738-134-3374,A2,France,56504 CEDEX,Graphic Designer,Camido
Yard Winson,ywinsonm0@1und1.de,155-984-4021,A2,France,35409 CEDEX,Recruiting Manager,Kimia
Jeannie Forsyth,jforsythm1@cdbaby.com,554-318-3399,A9,France,30404 CEDEX,Tax Accountant,Blognation
Skyler Huckerbe,shuckerbem2@twitter.com,302-508-9470,B8,France,13540,Environmental Tech,Skidoo
Lolly Haet,lhaetm3@patch.com,948-267-0400,ON,Canada,E4K,Help Desk Technician,Ozu
Brion Whiting,bwhitingm4@trellian.com,844-584-3133,B3,France,65204 CEDEX,Human Resources Manager,Flashset
Gaylor Hember,ghemberm5@jimdo.com,360-263-6851,WA,United States,98664,Help Desk Operator,Kamba
Marni Smiley,msmileym6@lycos.com,645-690-1510,B8,France,13729 CEDEX,Computer Systems Analyst III,Tazzy
Suzie Spadari,sspadarim7@surveymonkey.com,478-830-2735,GA,United States,31422,Mechanical Systems Engineer,Eidel
Lidia Kearn,lkearnm8@google.co.uk,657-178-3163,A8,France,91965 CEDEX,Help Desk Operator,Avaveo
Celestyn Bellenie,cbelleniem9@census.gov,685-921-1711,ON,Canada,G9T,Legal Assistant,Tagcat
Oren Deans,odeansma@mapquest.com,781-400-1850,MA,United States,01114,Account Coordinator,Mymm
Sandor Aksell,saksellmb@canalblog.com,600-656-4747,A8,France,75220 CEDEX 16,Web Developer IV,Bubblemix
Merla Iacopini,miacopinimc@i2i.jp,667-161-9214,,Japan,607-8204,Speech Pathologist,Eidel
Lesya Ranking,lrankingmd@mediafire.com,801-958-0652,UT,United States,84409,Nurse,Zoomlounge
Scarlet Bysh,sbyshme@bluehost.com,393-410-3988,,Japan,950-0862,Dental Hygienist,Viva
Bernhard Bicknell,bbicknellmf@statcounter.com,454-469-6112,B9,France,74134 CEDEX,Accountant II,Fivechat
Maddie Chaise,mchaisemg@chicagotribune.com,905-879-4327,NW,Germany,40489,Software Consultant,Yakidoo
Peterus Barlie,pbarliemh@technorati.com,526-842-0984,YUC,Mexico,97714,Mechanical Systems Engineer,Shufflebeat
Reggis Dabs,rdabsmi@ezinearticles.com,853-284-3844,A8,France,75434 CEDEX 09,Research Nurse,Edgewire
Jenilee Craigheid,jcraigheidmj@narod.ru,611-821-1422,SN,Germany,01156,Assistant Professor,Livetube
Zachary Bierman,zbiermanmk@squidoo.com,295-394-4251,MIC,Mexico,58805,Nurse Practicioner,Camido
Weber Edmans,wedmansml@quantcast.com,800-467-1799,AB,Canada,V3A,Senior Editor,Quimm
Adelina Durnill,adurnillmm@jiathis.com,685-977-2192,OAX,Mexico,71605,Product Engineer,Yakidoo
Imojean Radborne,iradbornemn@sogou.com,303-660-1271,CO,United States,80126,Social Worker,Vitz
Mariellen Woodruff,mwoodruffmo@archive.org,229-442-0069,GA,United States,31605,Senior Cost Accountant,Meetz
Vinny Chrestien,vchrestienmp@people.com.cn,438-617-9234,A8,France,75884 CEDEX 18,Geologist IV,Quimm
Rori Cholonin,rcholoninmq@vistaprint.com,772-464-9374,FL,United States,33405,Quality Engineer,Mudo
Alleyn Bidwell,abidwellmr@cbsnews.com,554-973-1504,,Japan,969-1513,Account Coordinator,Twimbo
Pearle Medeway,pmedewayms@bravesites.com,588-627-6945,AB,Canada,T8S,Account Coordinator,Quinu
Kacie Borlease,kborleasemt@twitter.com,501-740-6032,AR,United States,72118,Statistician I,Browsedrive
Olly Withers,owithersmu@home.pl,770-931-5611,,Japan,818-0138,Teacher,Avamm
Rosalinde McRonald,rmcronaldmv@usda.gov,512-748-1325,TX,United States,78726,Associate Professor,Youspan
Estevan Pedreschi,epedreschimw@state.gov,516-332-4433,NY,United States,11024,Professor,Cogilith
Barby Stucksbury,bstucksburymx@reverbnation.com,763-467-1829,MN,United States,55572,Engineer III,Voomm
Bradney Faircliffe,bfaircliffemy@craigslist.org,630-897-7679,IL,United States,60567,Graphic Designer,LiveZ
Shela Mitchel,smitchelmz@creativecommons.org,494-944-4865,A8,France,92154 CEDEX,Structural Analysis Engineer,Blogtags
Daryle Kilgrew,dkilgrewn0@dell.com,940-250-6745,A8,France,95761 CEDEX 1,Electrical Engineer,Oyondu
Joanne Bawdon,jbawdonn1@over-blog.com,862-328-2428,A8,France,77484 CEDEX,Physical Therapy Assistant,Oodoo
Chance Dobby,cdobbyn2@samsung.com,227-376-0262,PUE,Mexico,72124,Editor,Jamia
Norine Leroux,nlerouxn3@homestead.com,596-584-8758,B2,France,57704 CEDEX,Junior Executive,Skalith
Bathsheba Scarlon,bscarlonn4@vk.com,585-537-8539,NY,United States,14604,Senior Quality Engineer,Avamm
Ferdie Baudouin,fbaudouinn5@wsj.com,702-571-1265,B9,France,69464 CEDEX 06,Safety Technician II,Podcat
Thorn Curzon,tcurzonn6@baidu.com,262-839-8583,WI,United States,53405,Human Resources Manager,Vimbo
Clayson Hallatt,challattn7@japanpost.jp,572-948-2184,QC,Canada,J5K,Office Assistant III,Babbleset
Dexter Gutherson,dguthersonn8@instagram.com,889-553-4230,,Japan,969-3288,Nurse,Rhycero
Shoshana Willshear,swillshearn9@ftc.gov,214-226-6755,TX,United States,75287,Desktop Support Technician,Jaloo
Lennie Leyes,lleyesna@fastcompany.com,758-476-5261,VER,Mexico,94590,Automation Specialist III,Jetwire
Amelina Adami,aadaminb@naver.com,830-146-4898,GRO,Mexico,41240,Director of Sales,Rhycero
Josee Longstaffe,jlongstaffenc@shutterfly.com,444-134-0444,,Japan,959-1748,Food Chemist,Realblab
Sandro Clewlowe,sclewlowend@umn.edu,510-172-1519,CA,United States,94611,Mechanical Systems Engineer,Divavu
Phillie Brinkworth,pbrinkworthne@springer.com,303-441-6681,CO,United States,80045,Cost Accountant,Tazz
Maribeth Banbridge,mbanbridgenf@flickr.com,362-666-0687,A8,France,92671 CEDEX,Health Coach III,Midel
Annemarie Monini,amonining@istockphoto.com,901-479-2736,TN,United States,38161,Pharmacist,Thoughtworks
Athene Andrieu,aandrieunh@angelfire.com,252-765-4034,A6,France,70004 CEDEX,Mechanical Systems Engineer,Skilith
Cassandre Rubke,crubkeni@ezinearticles.com,202-649-3428,DC,United States,20566,Software Consultant,Avamba
Jasun Bogace,jbogacenj@simplemachines.org,664-162-8549,BC,Canada,H9P,Account Coordinator,Jazzy
Hope Have,hhavenk@scientificamerican.com,294-118-7585,,Japan,859-6411,Quality Engineer,Vinder
Mehetabel Grumbridge,mgrumbridgenl@mapquest.com,435-505-6652,QC,Canada,J7B,Internal Auditor,Podcat
Jessalin Leindecker,jleindeckernm@chronoengine.com,968-867-1307,QC,Canada,J3V,Programmer Analyst III,Plambee
Tadio Bartali,tbartalinn@macromedia.com,919-368-3781,NS,Canada,M9L,Sales Representative,Eadel
Marnia Kinson,mkinsonno@hubpages.com,206-242-2774,B2,France,57304 CEDEX,Budget/Accounting Analyst IV,Mynte
Clarabelle Hazeldine,chazeldinenp@diigo.com,437-454-6879,NW,Germany,50674,Cost Accountant,DabZ
Reeba Kinvan,rkinvannq@1688.com,993-269-1137,,Japan,985-0862,Programmer III,Zoomcast
Alonso Reuss,areussnr@reuters.com,460-210-2672,A3,France,37554 CEDEX,Senior Financial Analyst,Myworks
Jennica Ramplee,jrampleens@wsj.com,210-992-3752,TX,United States,78215,Programmer Analyst II,Chatterpoint
Gae Fant,gfantnt@omniture.com,222-677-4445,ON,Canada,N5H,Business Systems Development Analyst,Youfeed
Debor Saltwell,dsaltwellnu@nationalgeographic.com,153-830-5711,B9,France,69604 CEDEX,Structural Analysis Engineer,Myworks
Iris Barraclough,ibarracloughnv@free.fr,571-834-5104,B9,France,74041 CEDEX,Electrical Engineer,Cogibox
Abbie Miliffe,amiliffenw@narod.ru,328-141-9029,ENG,United Kingdom,NG22,Technical Writer,Zooveo
Tucker Raulin,traulinnx@wikispaces.com,431-590-1245,ZAC,Mexico,98351,Web Designer I,Eadel
Alvina Greenlies,agreenliesny@rakuten.co.jp,616-637-4913,B2,France,55013 CEDEX,Chief Design Engineer,Fivespan
Nissa Enric,nenricnz@mayoclinic.com,508-731-2525,,Japan,475-0803,GIS Technical Architect,Aibox
Dell Dickins,ddickinso0@usda.gov,865-884-3158,B4,France,59961 CEDEX,Recruiting Manager,Youspan
Oran McCahey,omccaheyo1@zimbio.com,561-414-9750,FL,United States,33436,Information Systems Manager,Roomm
Tilda Strang,tstrango2@360.cn,781-263-6543,MA,United States,02114,VP Sales,Yodel
Thomasin Dougharty,tdoughartyo3@drupal.org,540-387-0367,VA,United States,24034,Financial Advisor,Kazu
Clarke Geany,cgeanyo4@wufoo.com,718-302-7121,NY,United States,10469,Account Coordinator,Linkbridge
Hedvige Ragdale,hragdaleo5@army.mil,658-611-4184,A8,France,75675 CEDEX 14,Staff Scientist,Geba
Lanna Piatek,lpiateko6@reddit.com,419-674-6736,ENG,United Kingdom,DT10,Chemical Engineer,Mita
Tommi Menhci,tmenhcio7@pcworld.com,353-459-7305,BC,Canada,V6L,Automation Specialist II,Flipstorm
Corissa Morrice,cmorriceo8@amazon.com,903-197-9492,TX,United States,75710,Recruiter,Zoomdog
Paxon Goodlatt,pgoodlatto9@123-reg.co.uk,171-463-3262,A8,France,92727 CEDEX,Office Assistant III,Gigashots
Ag Backs,abacksoa@timesonline.co.uk,602-474-0304,AZ,United States,85246,Recruiter,Realcube
Stacy Muddle,smuddleob@elpais.com,704-779-9465,NC,United States,28225,Systems Administrator I,Fatz
Leticia Wilmott,lwilmottoc@joomla.org,793-771-8227,B8,France,13155 CEDEX,Account Representative I,Browsebug
Adrienne Calvard,acalvardod@accuweather.com,650-178-0368,A3,France,37174 CEDEX,Senior Sales Associate,Photofeed
Margery Triggs,mtriggsoe@ca.gov,611-386-0674,,Japan,314-0116,Nuclear Power Engineer,Eadel
Nealon Adan,nadanof@cnbc.com,712-615-8148,IA,United States,51105,Speech Pathologist,Gigabox
George Grivori,ggrivoriog@reddit.com,315-472-4740,NY,United States,13205,Database Administrator IV,Devshare
Kessiah Edwardes,kedwardesoh@bluehost.com,505-133-3330,NM,United States,88006,Chief Design Engineer,Zoombeat
Edy Mosten,emostenoi@nature.com,643-817-3223,,Japan,818-0138,Nurse Practicioner,Meevee
Adena Bottrell,abottrelloj@oracle.com,687-966-1662,,Japan,999-5203,Director of Sales,Oyoloo
Bendick Twitty,btwittyok@unc.edu,810-835-8677,BE,Germany,10587,Paralegal,Skippad
Henrik Becker,hbeckerol@pcworld.com,760-740-5093,CA,United States,92013,Senior Editor,Tavu
Giorgio Rispine,grispineom@census.gov,657-383-5952,A8,France,92864 CEDEX 9,Biostatistician III,Oba
Darla Matevushev,dmatevushevon@seesaa.net,500-551-8175,,Japan,424-0888,Chief Design Engineer,Demizz
Gill Delong,gdelongoo@census.gov,917-167-3907,NY,United States,10270,Mechanical Systems Engineer,Fatz
Colline Tiernan,ctiernanop@taobao.com,697-644-0945,97,France,33050 CEDEX,Research Assistant II,Tagopia
Ethelbert Faraker,efarakeroq@who.int,557-982-9997,VER,Mexico,95710,Registered Nurse,Demimbu
Lynnet Beesey,lbeeseyor@theglobeandmail.com,409-398-0147,QC,Canada,J6W,Administrative Officer,Buzzdog
Kiley Newarte,knewarteos@google.fr,818-198-3889,CA,United States,90065,Statistician II,InnoZ
Karla Jays,kjaysot@e-recht24.de,305-834-1801,A7,France,76883 CEDEX,Senior Financial Analyst,Yombu
Sibylle MacTimpany,smactimpanyou@ca.gov,176-875-2635,A9,France,30404 CEDEX,VP Product Management,Zazio
Elaina Dourin,edourinov@paypal.com,729-857-5621,,Japan,997-0415,Marketing Assistant,Skimia
Ange Cresar,acresarow@ted.com,469-188-5596,,Japan,501-1235,Health Coach III,Tavu
Erna Silbermann,esilbermannox@dedecms.com,653-772-9919,A2,France,35076 CEDEX 9,Registered Nurse,Myworks
Lynsey Astill,lastilloy@auda.org.au,706-770-3353,GA,United States,30905,Civil Engineer,Zoomcast
Heinrick Osgar,hosgaroz@feedburner.com,713-355-3989,TX,United States,77234,Geologist III,Skippad
Rivkah Krochmann,rkrochmannp0@java.com,391-125-6670,A8,France,92154 CEDEX,Marketing Assistant,Vimbo
Leona Lavies,llaviesp1@ucoz.ru,900-184-2857,VER,Mexico,94330,Biostatistician II,Browsecat
Elli Stonebridge,estonebridgep2@nhs.uk,863-817-6062,,Japan,745-0402,Structural Engineer,Meedoo
Andreas Hackett,ahackettp3@sitemeter.com,832-156-9469,B8,France,13729 CEDEX,Paralegal,Feedmix
Adams Arnatt,aarnattp4@narod.ru,194-260-8399,MIC,Mexico,60340,Programmer III,Eazzy
Marla Falla,mfallap5@rediff.com,479-653-8953,AB,Canada,T1C,Database Administrator III,Youtags
Eleanore Walklott,ewalklottp6@epa.gov,615-283-2017,TN,United States,37131,Budget/Accounting Analyst I,Skilith
Blinnie Pavic,bpavicp7@bloglines.com,460-778-3774,TAM,Mexico,87078,Assistant Manager,Jabberstorm
Florance Metrick,fmetrickp8@wikia.com,667-823-2043,97,France,33036 CEDEX,Health Coach I,Babblestorm
Grove Dollin,gdollinp9@youtube.com,369-480-6503,,Japan,302-0004,Financial Analyst,Photojam
Ericka Oriel,eorielpa@mediafire.com,191-527-6375,B4,France,62304 CEDEX,Associate Professor,Ainyx
Mersey Andreix,mandreixpb@wordpress.com,379-585-8188,A8,France,77614 CEDEX 3,Marketing Assistant,Muxo
Gearard Sherrell,gsherrellpc@sourceforge.net,264-768-1786,DUR,Mexico,34788,Occupational Therapist,Browsecat
Jocelyne Atty,jattypd@themeforest.net,404-722-2512,,Japan,519-3674,Product Engineer,Eimbee
Tildi Joslin,tjoslinpe@so-net.ne.jp,762-423-8350,OAX,Mexico,71161,Web Designer II,Fivespan
Sheena Torrijos,storrijospf@blinklist.com,544-531-2315,97,France,33010 CEDEX,Media Manager III,Divape
Ki Sabates,ksabatespg@wikia.com,999-120-4179,C1,France,68504 CEDEX,Administrative Officer,Abatz
Lynnette Lambrechts,llambrechtsph@free.fr,645-309-0332,B8,France,06102 CEDEX 2,Safety Technician III,Skipstorm
Kandace Sloat,ksloatpi@intel.com,696-944-8064,B9,France,74164 CEDEX,Design Engineer,Mynte
Rogerio Zamboniari,rzamboniaripj@weibo.com,202-204-6953,DC,United States,20022,Paralegal,Youfeed
Fern Bickers,fbickerspk@csmonitor.com,402-941-9288,NE,United States,68117,Data Coordiator,Tazzy
Alikee Eyes,aeyespl@geocities.com,778-473-6622,A8,France,94972 CEDEX 9,Nurse Practicioner,Dabvine
Farlie Bettridge,fbettridgepm@devhub.com,702-813-1318,B5,France,44036 CEDEX 1,Database Administrator IV,Realcube
Maje Kristufek,mkristufekpn@webmd.com,334-191-5842,AL,United States,36195,Mechanical Systems Engineer,Tagopia
Zaccaria Pennicard,zpennicardpo@gov.uk,139-623-4361,,Japan,916-0013,Nurse,Vitz
Anna Jaquiss,ajaquisspp@rakuten.co.jp,802-560-4428,ON,Canada,L2V,Design Engineer,Zooveo
Coral Overal,coveralpq@yahoo.co.jp,622-291-1864,ON,Canada,L1X,Database Administrator I,Youspan
Kerry Hiseman,khisemanpr@squidoo.com,114-908-6210,B7,France,86964 CEDEX,Dental Hygienist,Jatri
Alikee Waldera,awalderaps@wsj.com,775-131-3323,NV,United States,89436,Social Worker,Buzzshare
Nicky Honeyghan,nhoneyghanpt@digg.com,503-205-7286,OR,United States,97296,Account Executive,Thoughtsphere
Mindy Nehl,mnehlpu@facebook.com,850-409-5386,FL,United States,32590,Administrative Assistant II,Yadel
Lesya Fishpond,lfishpondpv@msu.edu,327-585-4968,JAL,Mexico,49274,Tax Accountant,Feedspan
Malvina Yearn,myearnpw@sina.com.cn,754-206-3469,PE,Canada,L4E,Biostatistician IV,Skibox
Evin Le Provest,elepx@altervista.org,498-441-5840,A8,France,92169 CEDEX,Business Systems Development Analyst,Edgeclub
Maurise Murty,mmurtypy@oaic.gov.au,803-833-3785,SC,United States,29215,Civil Engineer,Yata
Golda Barles,gbarlespz@wordpress.org,810-263-5321,MI,United States,48206,Account Executive,Riffwire
Lanette Lunn,llunnq0@cam.ac.uk,199-488-0626,QC,Canada,L0P,Web Developer II,Photospace
Jarrad Service,jserviceq1@mysql.com,992-522-3322,,Japan,336-0036,Professor,Realbuzz
Connor Kinnett,ckinnettq2@sohu.com,212-831-6173,NY,United States,10160,Administrative Officer,Yozio
Lucien Thorington,lthoringtonq3@chicagotribune.com,549-128-9006,QC,Canada,J3T,Safety Technician I,Centimia
Tallulah Bartoshevich,tbartoshevichq4@sun.com,278-841-6984,B8,France,13253 CEDEX 06,Financial Analyst,Yodo
Winnah Walmsley,wwalmsleyq5@a8.net,170-953-6254,,Japan,670-0013,Analyst Programmer,Jatri
Jen Hayhurst,jhayhurstq6@amazon.com,812-722-0906,IN,United States,47732,Graphic Designer,Mudo
Honey MacCurley,hmaccurleyq7@unc.edu,520-314-0518,,Japan,993-0073,Recruiter,Quatz
Shirline Elmhirst,selmhirstq8@360.cn,610-805-0950,A3,France,41919 CEDEX 9,Web Developer III,Rhyzio
Agathe Treske,atreskeq9@mapquest.com,373-400-0882,B3,France,31101 CEDEX 9,VP Marketing,Quinu
Gaspard Caitlin,gcaitlinqa@twitpic.com,976-983-0499,OAX,Mexico,71142,Professor,Mita
Merralee Wisedale,mwisedaleqb@uol.com.br,924-780-0903,,Japan,408-0021,Software Test Engineer IV,Jaxworks
Allyson Klimp,aklimpqc@livejournal.com,665-371-8582,A8,France,94434 CEDEX,Structural Analysis Engineer,Gigaclub
Augustus Jurek,ajurekqd@yahoo.co.jp,620-496-5687,BC,Canada,K2H,Staff Scientist,Skinder
Lauren Bartrum,lbartrumqe@kickstarter.com,589-695-1608,B8,France,83040 CEDEX 9,Nuclear Power Engineer,Quimba
Heath Candlish,hcandlishqf@blogtalkradio.com,367-829-3104,SK,Canada,K2J,Software Engineer III,Einti
Teriann Faughnan,tfaughnanqg@princeton.edu,986-640-5034,,Japan,969-1619,Technical Writer,Meevee
Emmie Saddler,esaddlerqh@yolasite.com,842-756-6844,PUE,Mexico,72089,Associate Professor,Tanoodle
Adoree Gownge,agowngeqi@stanford.edu,770-969-5721,SK,Canada,S7W,Community Outreach Specialist,Quatz
Leicester Chastang,lchastangqj@meetup.com,951-911-8771,JAL,Mexico,47707,Administrative Officer,Meedoo
Casandra Milesap,cmilesapqk@sohu.com,708-481-1435,A8,France,78415 CEDEX,Senior Developer,Roombo
Culley Molfino,cmolfinoql@scribd.com,915-659-5483,TX,United States,79940,Account Representative I,Realpoint
Brnaby Blundin,bblundinqm@reference.com,185-530-5148,AB,Canada,T4S,Research Associate,Mycat
Ric Postan,rpostanqn@instagram.com,966-992-8502,B5,France,53080 CEDEX 9,Compensation Analyst,Dynabox
Morris Renzo,mrenzoqo@delicious.com,339-690-0636,BW,Germany,70190,Information Systems Manager,Thoughtblab
Helena McColgan,hmccolganqp@dyndns.org,297-494-7843,A2,France,35538 CEDEX,Chemical Engineer,Eabox
Wilfred Dobbie,wdobbieqq@odnoklassniki.ru,721-614-7879,ENG,United Kingdom,BD23,Civil Engineer,Photobug
Leoline Grouvel,lgrouvelqr@geocities.com,566-596-4550,DUR,Mexico,35156,Computer Systems Analyst I,Jaxnation
Collette Tarver,ctarverqs@tumblr.com,314-708-6621,MO,United States,63150,Senior Financial Analyst,Skyndu
Sybil Enever,seneverqt@qq.com,963-834-0950,A8,France,95304 CEDEX,VP Quality Control,Riffwire
Clive Ollander,collanderqu@symantec.com,766-154-5480,ON,Canada,P2A,Sales Associate,Devcast
Cassie Ege,cegeqv@mac.com,713-591-9571,TX,United States,77260,Geological Engineer,Skaboo
Joshia Fidelus,jfidelusqw@tmall.com,602-220-4629,AZ,United States,85010,Financial Advisor,Riffpath
Scot Trussman,strussmanqx@nih.gov,760-519-8123,B9,France,69639 CEDEX,VP Marketing,Jetpulse
Borden Collihole,bcolliholeqy@plala.or.jp,801-202-6149,TX,United States,76796,Database Administrator II,Voonix
Luciana Papaminas,lpapaminasqz@chron.com,189-971-6199,OAX,Mexico,68145,VP Marketing,Bubblebox
Dacie Sirette,dsiretter0@ustream.tv,550-856-6724,A8,France,91104 CEDEX,Research Nurse,Photofeed
Anallise Bettis,abettisr1@google.es,510-908-4722,A8,France,94364 CEDEX,Analog Circuit Design manager,Ainyx
Gerrilee Janzen,gjanzenr2@pinterest.com,208-422-0862,ID,United States,83732,Executive Secretary,Zoomcast
Morganne Hunnawill,mhunnawillr3@360.cn,798-898-7523,,Japan,692-0212,VP Sales,Youspan
Agnola Bordessa,abordessar4@newsvine.com,534-844-1045,NIR,United Kingdom,BT2,Assistant Manager,Innojam
Yves Hammell,yhammellr5@sun.com,641-179-1987,A8,France,91965 CEDEX,Recruiting Manager,Twitterwire
Albertine Navan,anavanr6@tinypic.com,485-513-2958,97,France,47555 CEDEX,Design Engineer,Edgetag
Adan Biasetti,abiasettir7@macromedia.com,183-256-2575,ON,Canada,L7A,Cost Accountant,Wordify
Consalve Marunchak,cmarunchakr8@ifeng.com,702-302-8685,NV,United States,89155,Human Resources Manager,Thoughtbridge
Dionne Baleine,dbaleiner9@intel.com,412-917-4426,BE,Germany,13347,Data Coordiator,Voonix
Milton Narraway,mnarrawayra@discovery.com,349-803-1215,ON,Canada,P7L,Human Resources Manager,Photofeed
Jackquelin Notley,jnotleyrb@posterous.com,385-612-6691,A9,France,30006 CEDEX 4,VP Quality Control,Yabox
Turner Guisot,tguisotrc@xing.com,479-609-4242,,Japan,289-1211,Cost Accountant,Agivu
Karee Breton,kbretonrd@symantec.com,704-344-5140,NC,United States,28210,Web Designer IV,Babbleopia
Hillery Uccelli,huccellire@mapy.cz,324-833-3513,A8,France,95154 CEDEX,Mechanical Systems Engineer,InnoZ
Georgianne Okeshott,gokeshottrf@google.co.jp,254-550-6353,TX,United States,76705,Mechanical Systems Engineer,Ainyx
Mord Kennaway,mkennawayrg@google.co.jp,838-459-4506,B8,France,13524 CEDEX,Help Desk Operator,Gabtune
Hasheem Angeau,hangeaurh@storify.com,310-755-1028,A2,France,29174 CEDEX,Accounting Assistant IV,Riffpath
Rani Hampton,rhamptonri@ucsd.edu,916-939-1210,B3,France,81028 CEDEX 9,Pharmacist,Dabvine
Lyle Bagguley,lbagguleyrj@huffingtonpost.com,701-329-9387,SLP,Mexico,79783,Sales Associate,Skiba
Caryn Harkness,charknessrk@creativecommons.org,516-357-2440,,Japan,426-0224,Human Resources Manager,Photobug
Aundrea Branthwaite,abranthwaiterl@ebay.com,515-927-9048,IA,United States,50393,Product Engineer,Trilith
Dynah Kingaby,dkingabyrm@tamu.edu,-125-8134,PA,United States,15266,Sales Representative,Edgeclub
Wylie Bradshaw,wbradshawrn@pagesperso-orange.fr,643-524-4373,B5,France,85021 CEDEX,Marketing Assistant,Aimbu
Hyacinthe Maylott,hmaylottro@un.org,410-696-0140,MD,United States,21216,Administrative Assistant III,Devpoint
Kahaleel Guion,kguionrp@home.pl,406-653-2518,B9,France,69446 CEDEX 03,Business Systems Development Analyst,Yodel
Lucille Klaes,lklaesrq@list-manage.com,312-782-4434,IL,United States,60681,Web Designer II,Eare
Hoebart O'Tuohy,hotuohyrr@newyorker.com,317-311-9712,IN,United States,46254,Financial Advisor,Thoughtblab
